9CFN|1|A|A|2	cWW	9CFN|1|A|U|38	
9CFN|1|A|G|3	cWW	9CFN|1|A|C|37	
9CFN|1|A|U|4	cWW	9CFN|1|A|G|36	
9CFN|1|A|A|5	tHW	9CFN|1|A|A|42	
9CFN|1|A|A|5	tWS	9CFN|1|A|G|26	
9CFN|1|A|C|6	cWW	9CFN|1|A|G|27	
9CFN|1|A|C|7	cWW	9CFN|1|A|G|35	
9CFN|1|A|C|8	cWW	9CFN|1|A|G|34	
9CFN|1|A|U|9	cWW	9CFN|1|A|G|33	
9CFN|1|A|C|10	cWW	9CFN|1|A|G|32	
9CFN|1|A|C|11	cWW	9CFN|1|A|G|30	
9CFN|1|A|G|14	cWW	9CFN|1|A|C|53	
9CFN|1|A|C|16	cWW	9CFN|1|A|G|52	
9CFN|1|A|C|17	cWW	9CFN|1|A|G|51	
9CFN|1|A|U|18	cWW	9CFN|1|A|A|50	
9CFN|1|A|A|19	cWW	9CFN|1|A|U|49	
9CFN|1|A|A|21	cWW	9CFN|1|A|U|47	
9CFN|1|A|G|22	cWW	9CFN|1|A|C|46	
9CFN|1|A|G|23	cWW	9CFN|1|A|C|45	
9CFN|1|A|U|24	tWW	9CFN|1|A|A|31	
9CFN|1|A|U|25	tWH	9CFN|1|A|A|29	
9CFN|1|A|G|26	tSW	9CFN|1|A|A|5	
9CFN|1|A|G|27	cWW	9CFN|1|A|C|6	
9CFN|1|A|A|29	tHW	9CFN|1|A|U|25	
9CFN|1|A|A|29	tWS	9CFN|1|A|G|43	
9CFN|1|A|G|30	cWW	9CFN|1|A|C|11	
9CFN|1|A|A|31	tWW	9CFN|1|A|U|24	
9CFN|1|A|G|32	cWW	9CFN|1|A|C|10	
9CFN|1|A|G|33	cWW	9CFN|1|A|U|9	
9CFN|1|A|G|34	cWW	9CFN|1|A|C|8	
9CFN|1|A|G|35	cWW	9CFN|1|A|C|7	
9CFN|1|A|G|36	cWW	9CFN|1|A|U|4	
9CFN|1|A|C|37	cWW	9CFN|1|A|G|3	
9CFN|1|A|U|38	cWW	9CFN|1|A|A|2	
9CFN|1|A|A|42	tWH	9CFN|1|A|A|5	
9CFN|1|A|G|43	tSW	9CFN|1|A|A|29	
9CFN|1|A|C|45	cWW	9CFN|1|A|G|23	
9CFN|1|A|C|46	cWW	9CFN|1|A|G|22	
9CFN|1|A|U|47	cWW	9CFN|1|A|A|21	
9CFN|1|A|U|49	cWW	9CFN|1|A|A|19	
9CFN|1|A|A|50	cWW	9CFN|1|A|U|18	
9CFN|1|A|G|51	cWW	9CFN|1|A|C|17	
9CFN|1|A|G|52	cWW	9CFN|1|A|C|16	
9CFN|1|A|C|53	cWW	9CFN|1|A|G|14	
9CFN|1|B|A|2	cWW	9CFN|1|B|U|38	
9CFN|1|B|G|3	cWW	9CFN|1|B|C|37	
9CFN|1|B|U|4	cWW	9CFN|1|B|G|36	
9CFN|1|B|A|5	tHW	9CFN|1|B|A|42	
9CFN|1|B|A|5	tWS	9CFN|1|B|G|26	
9CFN|1|B|C|6	cWW	9CFN|1|B|G|27	
9CFN|1|B|C|7	cWW	9CFN|1|B|G|35	
9CFN|1|B|C|8	cWW	9CFN|1|B|G|34	
9CFN|1|B|U|9	cWW	9CFN|1|B|G|33	
9CFN|1|B|C|10	cWW	9CFN|1|B|G|32	
9CFN|1|B|C|11	cWW	9CFN|1|B|G|30	
9CFN|1|B|A|13	tSS	9CFN|1|B|G|52	
9CFN|1|B|G|14	cWW	9CFN|1|B|C|53	
9CFN|1|B|C|16	cWW	9CFN|1|B|G|52	
9CFN|1|B|C|17	cWW	9CFN|1|B|G|51	
9CFN|1|B|U|18	cWW	9CFN|1|B|A|50	
9CFN|1|B|A|19	cWW	9CFN|1|B|U|49	
9CFN|1|B|C|20	cWW	9CFN|1|B|G|48	
9CFN|1|B|A|21	cWW	9CFN|1|B|U|47	
9CFN|1|B|G|22	cWW	9CFN|1|B|C|46	
9CFN|1|B|G|23	cWW	9CFN|1|B|C|45	
9CFN|1|B|U|25	tWH	9CFN|1|B|A|29	
9CFN|1|B|G|26	tSW	9CFN|1|B|A|5	
9CFN|1|B|G|27	cWW	9CFN|1|B|C|6	
9CFN|1|B|A|29	tHW	9CFN|1|B|U|25	
9CFN|1|B|A|29	tWS	9CFN|1|B|G|43	
9CFN|1|B|G|30	cWW	9CFN|1|B|C|11	
9CFN|1|B|G|32	cWW	9CFN|1|B|C|10	
9CFN|1|B|G|33	cWW	9CFN|1|B|U|9	
9CFN|1|B|G|34	cWW	9CFN|1|B|C|8	
9CFN|1|B|G|35	cWW	9CFN|1|B|C|7	
9CFN|1|B|G|36	cWW	9CFN|1|B|U|4	
9CFN|1|B|C|37	cWW	9CFN|1|B|G|3	
9CFN|1|B|U|38	cWW	9CFN|1|B|A|2	
9CFN|1|B|A|42	tWH	9CFN|1|B|A|5	
9CFN|1|B|G|43	tSW	9CFN|1|B|A|29	
9CFN|1|B|C|45	cWW	9CFN|1|B|G|23	
9CFN|1|B|C|46	cWW	9CFN|1|B|G|22	
9CFN|1|B|U|47	cWW	9CFN|1|B|A|21	
9CFN|1|B|G|48	cWW	9CFN|1|B|C|20	
9CFN|1|B|U|49	cWW	9CFN|1|B|A|19	
9CFN|1|B|A|50	cWW	9CFN|1|B|U|18	
9CFN|1|B|G|51	cWW	9CFN|1|B|C|17	
9CFN|1|B|G|52	cWW	9CFN|1|B|C|16	
9CFN|1|B|G|52	tSS	9CFN|1|B|A|13	
9CFN|1|B|C|53	cWW	9CFN|1|B|G|14	
