"#","Nucleotide 1","Nucleotide 2","Base Pair","Leontis-Westhof","DSSR","Saenger","shear","stretch","stagger","buckle","propeller","opening"
"1","1.A.A.2.","1.A.U.38.","A-U","cWW","cW-W","20-XX","-0.336","-0.122","-0.037","-0.81","-8.477","-1.261"
"2","1.A.G.3.","1.A.C.37.","G-C","cWW","cW-W","19-XIX","0.117","-0.006","0.425","-11.057","-26.604","5.559"
"3","1.A.U.4.","1.A.G.36.","U-G","cWW","cW-W","28-XXVIII","2.549","-0.613","0.193","-20.285","-18.029","-9.088"
"4","1.A.A.5.","1.A.G.26.","A+G","tWS","tW+m","10-X","-3.429","4.063","-0.495","-16.976","-5.832","71.773"
"5","1.A.A.5.","1.A.A.42.","A-A","tHW","tM-W","05-V","-4.384","1.215","0.81","-9.207","18.981","-111.882"
"6","1.A.C.6.","1.A.G.27.","C-G","cWW","cW-W","19-XIX","0.494","0.001","1.005","-22.785","3.581","4.129"
"7","1.A.C.7.","1.A.G.35.","C-G","cWW","cW-W","19-XIX","0.148","-0.084","-0.082","13.437","-16.818","4.505"
"8","1.A.C.8.","1.A.G.34.","C-G","cWW","cW-W","19-XIX","0.493","-0.159","0.23","-1.529","-6.847","4.922"
"9","1.A.U.9.","1.A.G.33.","U-G","cWW","cW-W","28-XXVIII","2.277","-0.314","-0.034","3.917","-8.039","-2.242"
"10","1.A.C.10.","1.A.G.32.","C-G","cWW","cW-W","19-XIX","0.183","-0.355","0.151","-1.751","-9.492","-1.952"
"11","1.A.C.11.","1.A.G.30.","C-G","cWW","cW-W","19-XIX","-1.115","-0.133","0.263","5.941","-9.943","-10.146"
"12","1.A.A.13.","1.A.G.52.","A+G","tSS","tm+m","--","2.573","6.494","-2.444","58.42","11.572","154.66"
"13","1.A.G.14.","1.A.C.53.","G-C","cWW","cW-W","19-XIX","-0.456","-0.009","-0.531","5.672","4.878","5.358"
"14","1.A.C.16.","1.A.G.52.","C-G","cWW","cW-W","19-XIX","0.308","0.012","-0.534","11.089","-15.55","-3.211"
"15","1.A.C.17.","1.A.G.51.","C-G","cWW","cW-W","19-XIX","0.547","0.118","0.647","-5.795","-12.415","-5.541"
"16","1.A.U.18.","1.A.A.50.","U-A","cWW","cW-W","20-XX","0.657","-0.103","0.003","1.628","-13.107","-6.147"
"17","1.A.A.19.","1.A.U.49.","A-U","cWW","cW-W","20-XX","-0.543","0.308","-0.011","-4.927","-12.236","-9.182"
"18","1.A.C.20.","1.A.G.48.","C-G","cWW","cW-W","19-XIX","1.021","-0.357","0.339","-2.499","-15.379","-18.277"
"19","1.A.A.21.","1.A.U.47.","A-U","cWW","cW-W","20-XX","-0.704","-0.081","0.28","4.553","-10.027","-5.127"
"20","1.A.G.22.","1.A.C.46.","G-C","cWW","cW-W","19-XIX","-0.503","0.247","-0.179","-5.536","-5.698","3.598"
"21","1.A.G.23.","1.A.C.45.","G-C","cWW","cW-W","19-XIX","-0.074","-0.146","-0.347","-11.912","-13.589","-5.972"
"22","1.A.U.24.","1.A.A.31.","U+A","tWW","tW+W","21-XXI","0.129","-0.9","0.131","-13.745","11.843","-155.854"
"23","1.A.U.25.","1.A.A.29.","U-A","tWH","tW-M","24-XXIV","4.221","-2.373","0.359","-5.186","13.775","-93.097"
"24","1.A.U.25.","1.A.A.42.","U-A","cSW","cm-W","--","2.253","5.79","-1.399","17.925","-9.242","137.291"
"25","1.A.G.27.","1.A.C.41.","G+C","cHW","cM+W","--","2.35","-5.661","-1.201","13.967","-10.305","121.413"
"26","1.A.A.29.","1.A.G.43.","A+G","tWS","tW+m","10-X","-2.965","4.106","0.328","-29.183","-9.393","72.441"