1XPE|1|A|C|1	cWW	1XPE|1|A|G|23	
1XPE|1|A|U|2	cWW	1XPE|1|A|A|22	
1XPE|1|A|U|3	cWW	1XPE|1|A|A|21	
1XPE|1|A|G|4	cWW	1XPE|1|A|C|20	
1XPE|1|A|C|5	cWW	1XPE|1|A|G|19	
1XPE|1|A|U|6	cWW	1XPE|1|A|G|18	
1XPE|1|A|G|7	cWW	1XPE|1|A|C|17	
1XPE|1|A|G|10	cWW	1XPE|1|B|C|15	
1XPE|1|A|C|11	cWW	1XPE|1|B|G|14	
1XPE|1|A|G|12	cWW	1XPE|1|B|C|13	
1XPE|1|A|C|13	cWW	1XPE|1|B|G|12	
1XPE|1|A|G|14	cWW	1XPE|1|B|C|11	
1XPE|1|A|C|15	cWW	1XPE|1|B|G|10	
1XPE|1|A|C|17	cWW	1XPE|1|A|G|7	
1XPE|1|A|G|18	cWW	1XPE|1|A|U|6	
1XPE|1|A|G|19	cWW	1XPE|1|A|C|5	
1XPE|1|A|C|20	cWW	1XPE|1|A|G|4	
1XPE|1|A|A|21	cWW	1XPE|1|A|U|3	
1XPE|1|A|A|22	cWW	1XPE|1|A|U|2	
1XPE|1|A|G|23	cWW	1XPE|1|A|C|1	
1XPE|1|B|C|1	cWW	1XPE|1|B|G|23	
1XPE|1|B|U|2	cWW	1XPE|1|B|A|22	
1XPE|1|B|U|3	cWW	1XPE|1|B|A|21	
1XPE|1|B|G|4	cWW	1XPE|1|B|C|20	
1XPE|1|B|C|5	cWW	1XPE|1|B|G|19	
1XPE|1|B|U|6	cWW	1XPE|1|B|G|18	
1XPE|1|B|G|7	cWW	1XPE|1|B|C|17	
1XPE|1|B|G|10	cWW	1XPE|1|A|C|15	
1XPE|1|B|C|11	cWW	1XPE|1|A|G|14	
1XPE|1|B|G|12	cWW	1XPE|1|A|C|13	
1XPE|1|B|C|13	cWW	1XPE|1|A|G|12	
1XPE|1|B|G|14	cWW	1XPE|1|A|C|11	
1XPE|1|B|C|15	cWW	1XPE|1|A|G|10	
1XPE|1|B|C|17	cWW	1XPE|1|B|G|7	
1XPE|1|B|G|18	cWW	1XPE|1|B|U|6	
1XPE|1|B|G|19	cWW	1XPE|1|B|C|5	
1XPE|1|B|C|20	cWW	1XPE|1|B|G|4	
1XPE|1|B|A|21	cWW	1XPE|1|B|U|3	
1XPE|1|B|A|22	cWW	1XPE|1|B|U|2	
1XPE|1|B|G|23	cWW	1XPE|1|B|C|1	
