2Q1R|1|A|C|1001	cWW	2Q1R|1|A|G|1012||||2_755	
2Q1R|1|A|G|1002	cWW	2Q1R|1|A|C|1011||||2_755	
2Q1R|1|A|C|1003	cWW	2Q1R|1|A|G|1010||||2_755	
2Q1R|1|A|G|1004	cWW	2Q1R|1|A|A|1009||||2_755	
2Q1R|1|A|A|1005	cWW	2Q1R|1|A|U|1008||||2_755	
2Q1R|1|A|A|1006	cWW	2Q1R|1|A|U|1007||||2_755	
2Q1R|1|A|U|1007	cWW	2Q1R|1|A|A|1006||||2_755	
2Q1R|1|A|U|1008	cWW	2Q1R|1|A|A|1005||||2_755	
2Q1R|1|A|A|1009	cWW	2Q1R|1|A|G|1004||||2_755	
2Q1R|1|A|G|1010	cWW	2Q1R|1|A|C|1003||||2_755	
2Q1R|1|A|C|1011	cWW	2Q1R|1|A|G|1002||||2_755	
2Q1R|1|A|G|1012	cWW	2Q1R|1|A|C|1001||||2_755	
2Q1R|1|A|C|1001||||2_755	cWW	2Q1R|1|A|G|1012	
2Q1R|1|A|G|1002||||2_755	cWW	2Q1R|1|A|C|1011	
2Q1R|1|A|C|1003||||2_755	cWW	2Q1R|1|A|G|1010	
2Q1R|1|A|G|1004||||2_755	cWW	2Q1R|1|A|A|1009	
2Q1R|1|A|A|1005||||2_755	cWW	2Q1R|1|A|U|1008	
2Q1R|1|A|A|1006||||2_755	cWW	2Q1R|1|A|U|1007	
2Q1R|1|A|U|1007||||2_755	cWW	2Q1R|1|A|A|1006	
2Q1R|1|A|U|1008||||2_755	cWW	2Q1R|1|A|A|1005	
2Q1R|1|A|A|1009||||2_755	cWW	2Q1R|1|A|G|1004	
2Q1R|1|A|G|1010||||2_755	cWW	2Q1R|1|A|C|1003	
2Q1R|1|A|C|1011||||2_755	cWW	2Q1R|1|A|G|1002	
2Q1R|1|A|G|1012||||2_755	cWW	2Q1R|1|A|C|1001	
