6NJQ|1|C|DG|201	cWW	6NJQ|1|D|DC|228	
6NJQ|1|C|DC|202	cWW	6NJQ|1|D|DG|227	
6NJQ|1|C|DT|203	cWW	6NJQ|1|D|DA|226	
6NJQ|1|C|DT|205	cWW	6NJQ|1|D|DA|224	
6NJQ|1|C|DA|206	cWW	6NJQ|1|D|DT|223	
6NJQ|1|C|DA|207	cWW	6NJQ|1|D|DT|222	
6NJQ|1|C|DA|208	cWW	6NJQ|1|D|DT|221	
6NJQ|1|C|DC|209	cWH	6NJQ|1|D|DG|220	
6NJQ|1|C|DG|210	cWW	6NJQ|1|D|DC|219	
6NJQ|1|C|DG|211	cWW	6NJQ|1|D|DC|218	
6NJQ|1|C|DG|212	cWW	6NJQ|1|D|DC|217	
6NJQ|1|C|DC|213	cWW	6NJQ|1|D|DG|216	
6NJQ|1|D|DG|216	cWW	6NJQ|1|C|DC|213	
6NJQ|1|D|DC|217	cWW	6NJQ|1|C|DG|212	
6NJQ|1|D|DC|218	cWW	6NJQ|1|C|DG|211	
6NJQ|1|D|DC|219	cWW	6NJQ|1|C|DG|210	
6NJQ|1|D|DG|220	cHW	6NJQ|1|C|DC|209	
6NJQ|1|D|DT|221	cWW	6NJQ|1|C|DA|208	
6NJQ|1|D|DT|222	cWW	6NJQ|1|C|DA|207	
6NJQ|1|D|DT|223	cWW	6NJQ|1|C|DA|206	
6NJQ|1|D|DA|224	cWW	6NJQ|1|C|DT|205	
6NJQ|1|D|DA|226	cWW	6NJQ|1|C|DT|203	
6NJQ|1|D|DG|227	cWW	6NJQ|1|C|DC|202	
6NJQ|1|D|DC|228	cWW	6NJQ|1|C|DG|201	
6NJQ|1|E|DG|201	cWW	6NJQ|1|F|DC|228	
6NJQ|1|E|DC|202	cWW	6NJQ|1|F|DG|227	
6NJQ|1|E|DT|203	cWW	6NJQ|1|F|DA|226	
6NJQ|1|E|DA|204	cWW	6NJQ|1|F|DT|225	
6NJQ|1|E|DT|205	cWW	6NJQ|1|F|DA|224	
6NJQ|1|E|DA|206	cWW	6NJQ|1|F|DT|223	
6NJQ|1|E|DA|207	cWW	6NJQ|1|F|DT|222	
6NJQ|1|E|DA|208	cWW	6NJQ|1|F|DT|221	
6NJQ|1|E|DC|209	cWH	6NJQ|1|F|DG|220	
6NJQ|1|E|DG|210	cWW	6NJQ|1|F|DC|219	
6NJQ|1|E|DG|211	cWW	6NJQ|1|F|DC|218	
6NJQ|1|E|DG|212	cWW	6NJQ|1|F|DC|217	
6NJQ|1|E|DC|213	cWW	6NJQ|1|F|DG|216	
6NJQ|1|E|DA|214	cWW	6NJQ|1|F|DT|215	
6NJQ|1|F|DT|215	cWW	6NJQ|1|E|DA|214	
6NJQ|1|F|DG|216	cWW	6NJQ|1|E|DC|213	
6NJQ|1|F|DC|217	cWW	6NJQ|1|E|DG|212	
6NJQ|1|F|DC|218	cWW	6NJQ|1|E|DG|211	
6NJQ|1|F|DC|219	cWW	6NJQ|1|E|DG|210	
6NJQ|1|F|DG|220	cHW	6NJQ|1|E|DC|209	
6NJQ|1|F|DT|221	cWW	6NJQ|1|E|DA|208	
6NJQ|1|F|DT|222	cWW	6NJQ|1|E|DA|207	
6NJQ|1|F|DT|223	cWW	6NJQ|1|E|DA|206	
6NJQ|1|F|DA|224	cWW	6NJQ|1|E|DT|205	
6NJQ|1|F|DT|225	cWW	6NJQ|1|E|DA|204	
6NJQ|1|F|DA|226	cWW	6NJQ|1|E|DT|203	
6NJQ|1|F|DG|227	cWW	6NJQ|1|E|DC|202	
6NJQ|1|F|DC|228	cWW	6NJQ|1|E|DG|201	
