1a9n,2.38,protRNA,CCUGGUAUUGCAGUACCUCCAGGU,Q,0.33,10.71,0.92463,0.13958,24,24,0.0,10.57517
1csl,1.6,naked,AACGGGCGCAGAA,A,0.24,2.22,0.90438,0.12446,13,13,0.0,7.79162
1csl,1.6,naked,UCUGACGGUACGUUU,B,0.24,2.22,0.92253,0.11587,15,15,0.0,7.57767
1c0a,2.4,protRNA,GGAGCGGUAGUUCAGUCGGUUAGAAUACCUGCCUGUCACGCAGGGGGUCGCGGGUUCGAGUCCCGUCCGUUCCGCCA,B,0.25,15.71,0.89684,0.18451,77,77,0.0,9.98680
1c9s,1.9,protRNA,GAUGAGAUGAGAUGAGAUGAGAUGAGAUGAGAUGAGAUGAGAUGAGAUGAGAUGA,W,0.23,8.05,0.88084,0.22656,55,55,0.0,9.20832
1dfu,1.8,protRNA,CCCAUGCGAGAGUAGGGAC,M,0.23,15.15,0.92611,0.12074,19,19,0.0,8.25455
1dfu,1.8,protRNA,UGCCGAUGGUAGUGUGGGG,N,0.23,15.15,0.90021,0.13789,19,19,0.0,8.59897
1dqf,2.2,naked,CAGGGUCGGC,B,0.22,1.64,0.94850,0.11970,10,10,0.0,7.61160
1dqf,2.2,naked,GCCACCCUG,A,0.22,1.64,0.96411,0.10489,9,9,0.0,7.36822
1dqh,1.7,naked,CAGGGUCGGC,B,0.24,0.00,0.94050,0.09560,10,10,0.0,7.26080
1d4r,2.0,naked,GGUGACCUCCCGGGAGCGGGGGACCACUA,B,0.29,19.83,0.89779,0.14969,29,29,0.0,10.22667
1efo,2.3,naked,GAAGAGAGAG,B,0.22,4.91,0.96060,0.09240,10,10,0.0,7.55990
1ehz,1.93,naked,GCGGAUUUAGCUCAGUUGGGAGAGCGCCAGACUGAAGAUCUGGAGGUCCUGUGUUCGAUCCACAGAAUUCGCACCA,A,0.25,12.71,0.86846,0.18138,76,76,0.0,9.56887
1et4,2.3,naked,GGAACCGGUGCGCAUAACCACCUCAGUGCGAGCAA,C,0.23,10.22,0.94294,0.12569,35,35,0.0,8.41294
1evv,2.0,naked,GCGGAUUUAGCUCAGUUGGGAGAGCGCCAGACUGAAGAUCUGGAGGUCCUGUGUUCGAUCCACAGAAUUCGCACCA,A,0.26,18.74,0.85475,0.19296,76,76,0.0,10.32268
1feu,2.3,protRNA,CCCCAUGCGAGAGUAGGGAAC,C,0.24,11.00,0.94952,0.12719,21,21,0.0,8.59133
1feu,2.3,protRNA,GCCGAUGGUAGUGUGGGGU,E,0.24,11.00,0.94105,0.14689,19,19,0.0,8.81674
1fuf,1.7,naked,GGUAUUUCGGUACC,A,0.23,0.00,0.95064,0.09729,14,14,0.0,7.01314
1f7u,2.2,protRNA,UUCCUCGUGGCCCAAUGGUCACGGCGUCUGGCUICGAACCAGAAGAUUCCAGGUUCAAGUCCUGGCGGGGAAGCCA,B,0.23,10.82,0.94387,0.13228,76,76,0.0,8.38826
1g2e,2.3,protRNA,UAUUUAUUUA,B,0.24,8.84,0.92590,0.13930,10,10,0.0,8.76920
1g2j,1.97,naked,CCCNGGGG,A,0.27,11.63,0.91325,0.13387,8,8,0.0,9.17650
1hq1,1.52,protRNA,GGCUCUGUUUACCAGGUCAGGUCCGAAAGGAAGCAGCCAAGGCAGAGCC,B,0.20,8.49,0.97014,0.06449,49,49,0.0,6.29928
1i9x,2.18,naked,UACUAACGUAGUA,B,0.28,6.04,0.92585,0.14285,13,13,0.0,9.25800
1jbr,2.15,protRNA,GCGCUCCUCAGUACGAGA,C,0.29,15.61,0.90922,0.15228,18,18,0.0,10.09494
1jbr,2.15,protRNA,GCGCUCCUCAGUACGAGAGGAACCGGAGCGC,D,0.29,15.61,0.92332,0.13484,31,31,0.0,9.84263
1jbr,2.15,protRNA,GGAACCGGAGCGC,F,0.29,15.61,0.93808,0.12938,13,13,0.0,9.68096
1jbs,1.97,protRNA,CGCUCCUCAGUACGAUAGGAACCGGAGCG,D,0.26,9.71,0.95759,0.10097,29,29,0.0,8.28253
1jid,1.8,protRNA,GGUGACCUCCCGGGAGCGGGGGACCACUA,B,0.22,4.63,0.97179,0.09645,29,29,0.0,6.98874
1jzv,1.7,naked,CAGUACGCC,B,0.23,0.00,0.92633,0.09544,9,9,0.0,7.19289
1jzv,1.7,naked,GGCGACUG,A,0.23,0.00,0.95025,0.07637,8,8,0.0,6.84900
1j1u,1.95,protRNA,CCGGCGGUAGUUCAGCCUGGUAGAACGGCGGACUGUAGAUCCGCAUGUCGCUGGUUCAAAUCCGGCCCGCCGGACCA,B,0.24,13.01,0.93016,0.14161,74,77,0.03896,8.76791
1kd3,1.8,naked,GGUCACAGCCC,B,0.24,0.00,0.96582,0.06255,11,11,0.0,6.89382
1kd5,1.58,naked,GGUCACAGCCC,B,0.23,1.42,0.97982,0.05864,11,11,0.0,6.42155
1k8w,1.85,protRNA,GGCAACGGUUCGAUCCCGUUGC,B,0.21,5.77,0.94550,0.10432,22,22,0.0,7.18905
1lnt,1.7,naked,CGGAAGCAGCGC,B,0.23,10.27,0.92908,0.09100,12,12,0.0,7.64883
1lnt,1.7,naked,GCGUCAGGUCCG,A,0.23,10.27,0.94042,0.08983,12,12,0.0,7.54883
1l2x,1.25,naked,GGCGCGGCACCGUCCGCGGAACAAACGG,A,0.21,4.63,0.95242,0.07808,36,28,0.0,6.26683
1m5k,2.4,protRNA,GGAGAGAGAAGUCAACCAGAGAAACACACCAACCCAUUGCACUCCGGGUUGGUGGUAUAUUACCUGGUACGGGGGAAACUUCGUGGUGGCCG,B,0.28,12.43,0.88067,0.16447,92,92,0.0,10.33185
1m5k,2.4,protRNA,GGCCACCUGACAGUCCUCUCC,A,0.28,12.43,0.89790,0.14152,21,21,0.0,10.01045
1m5o,2.2,protRNA,GGAGAGAGAAGUCAACCAGAGAAACACACCAACCCAUUGCACUCCGGGUUGGUGGUAUAUUACCUGGUACGGGGGAAACUUCGUGGUGGCCG,B,0.26,11.92,0.81761,0.21912,92,92,0.0,10.68809
1m5o,2.2,protRNA,GGCCACCUGACAGUCCUCUCC,D,0.26,11.92,0.84057,0.21876,21,21,0.0,10.50152
1m5v,2.4,protRNA,GGCCACCUGACA,D,0.27,15.77,0.81458,0.22975,12,12,0.0,11.36983
1m5v,2.4,protRNA,GUCCUCUCC,P,0.27,15.77,0.93289,0.16011,9,9,0.0,9.86628
1m8w,2.2,protRNA,UUGUCCAG,E,0.29,14.64,0.87775,0.15688,8,8,0.0,10.38500
1nlc,1.85,naked,CUUGCUGAGGUGCACACAGCAAG,B,0.22,2.52,0.92004,0.13335,26,23,0.0,7.64246
1nuv,1.81,naked,CGGACCGAGCCAG,A,0.22,0.32,0.95264,0.07636,14,13,0.0,6.77571
1nuv,1.81,naked,GCUGGGAGUCC,B,0.22,0.32,0.95682,0.06973,11,11,0.0,6.68927
1n35,2.5,protRNA,AUUAGCCCCC,C,0.26,17.42,0.78425,0.29475,8,10,0.20000,12.93500
1n78,2.1,protRNA,GGCCCCAUCGUCUAGCGGUUAGGACGCGGCCCUCUCAAGGCCGAAACGGGGGUUCGAUUCCCCCUGGGGUCACCA,C,0.26,16.74,0.92297,0.13161,75,75,0.0,9.28612
1pjg,1.15,naked,CAAAGAAAAG,A,0.16,8.46,0.97383,0.07367,12,10,0.0,5.25167
1pjo,1.1,naked,CAAAGAAAAG,A,0.16,0.00,0.95767,0.09067,12,10,0.0,5.04400
1qcu,1.2,naked,CCCCCCCCCCC,B,0.15,31.65,0.98718,0.04364,11,11,0.0,5.93414
1qcu,1.2,naked,GGGGGGGGGGG,D,0.15,31.65,0.98709,0.04573,11,11,0.0,5.95159
1qc0,1.55,naked,GCACCGCUAC,B,0.21,3.26,0.98360,0.07500,10,10,0.0,6.22420
1qc0,1.55,naked,GCACCGCUACCAACGGUGC,D,0.21,3.26,0.93758,0.08758,19,19,0.0,6.69300
1qc0,1.55,naked,GCACCGUUGGUAGCGGUGC,C,0.21,3.26,0.93942,0.09600,19,19,0.0,6.74563
1qc0,1.55,naked,UAGCGGUGC,A,0.21,3.26,0.98500,0.07211,9,9,0.0,6.18989
1qtq,2.25,protRNA,UGGGGUAUCGCCAAGCGGUAAGGCACCGGAUUCUGAUUCCGGCAUUCCGAGGUUCGAAUCCUCGUACCCCAGCCA,B,0.25,12.21,0.92045,0.16653,74,75,0.01333,9.38247
1q93,2.25,naked,GGUGCUCAGUAGGAGACGAACCGCACC,C,0.27,4.88,0.95156,0.14000,27,27,0.0,8.86156
1q96,1.75,naked,GGUGCUCAGUAUGAGAAGAACCGCACC,A,0.24,3.86,0.96893,0.08168,28,27,0.0,7.16500
1rpu,2.5,protRNA,CGUACGCGUCACGCGUACGUU,D,0.29,15.66,0.93690,0.19705,42,21,0.0,10.58414
1r3e,2.1,protRNA,CUGUGUUCGAUCCACAG,C,0.27,33.17,0.95965,0.16500,17,17,0.0,10.26132
1r9f,1.85,protRNA,CGUACGCGGAAUACUUCGAUU,B,0.23,7.64,0.88450,0.16165,20,21,0.04762,8.77968
1r9f,1.85,protRNA,UCGAAGUAUUCCGCGUACGUU,C,0.23,7.64,0.89670,0.16475,20,21,0.04762,8.70688
1sds,1.8,protRNA,CCUGAUUGGUGAGGG,D,0.23,7.79,0.97140,0.08480,15,15,0.0,7.23670
1s72,2.4,protRNA,UUGGCUACUAUGCCAGCUGGUGGAUUGCUCGGCUCAGGCGCUGAUGAAGGACGUGCCAAGCUGCGAUAAGCCAUGGGGAGCCGCACGGAGGCGAAGAACCAUGGAUUUCCGAAUGAGAAUCUCUCUAACAAUUGCUUCGCGCAAUGAGGAACCCCGAGAACUGAAACAUCUCAGUAUCGGGAGGAACAGAAAACGCAAUGUGAUGUCGUUAGUAACCGCGAGUGAACGCGAUACAGCCCAAACCGAAGCCCUCACGGGCAAUGUGGUGUCAGGGCUACCUCUCAUCAGCCGACCGUCUCGACGAAGUCUCUUGGAACAGAGCGUGAUACAGGGUGACAACCCCGUACUCGAGACCAGUACGACGUGCGGUAGUGCCAGAGUAGCGGGGGUUGGAUAUCCCUCGCGAAUAACGCAGGCAUCGACUGCGAAGGCUAAACACAACCUGAGACCGAUAGUGAACAAGUAGUGUGAACGAACGCUGCAAAGUACCCUCAGAAGGGAGGCGAAAUAGAGCAUGAAAUCAGUUGGCGAUCGAGCGACAGGGCAUACAAGGUCCCUCGACGAAUGACCGACGCGCGAGCGUCCAGUAAGACUCACGGGAAGCCGAUGUUCUGUCGUACGUUUUGAAAAACGAGCCAGGGAGUGUGUCUGCAUGGCAAGUCUAACCGGAGUAUCCGGGGAGGCACAGGGAAACCGACAUGGCCGCAGGGCUUUGCCCGAGGGCCGCCGUCUUCAAGGGCGGGGAGCCAUGUGGACACGACCCGAAUCCGGACGAUCUACGCAUGGACAAGAUGAAGCGUGCCGAAAGGCACGUGGAAGUCUGUUAGAGUUGGUGUCCUACAAUACCCUCUCGUGAUCUAUGUGUAGGGGUGAAAGGCCCAUCGAGUCCGGCAACAGCUGGUUCCAAUCGAAACAUGUCGAAGCAUGACCUCCGCCGAGGUAGUCUGUGAGGUAGAGCGACCGAUUGGUGUGUCCGCCUCCGAGAGGAGUCGGCACACCUGUCAAACUCCAAACUUACAGACGCCGUUUGACGCGGGGAUUCCGGUGCGCGGGGUAAGCCUGUGUACCAGGAGGGGAACAACCCAGAGAUAGGUUAAGGUCCCCAAGUGUGGAUUAAGUGUAAUCCUCUGAAGGUGGUCUCGAGCCCUAGACAGCCGGGAGGUGAGCUUAGAAGCAGCUACCCUCUAAGAAAAGCGUAACAGCUUACCGGCCGAGGUUUGAGGCGCCCAAAAUGAUCGGGACUCAAAUCCACCACCGAGACCUGUCCGUACCACUCAUACUGGUAAUCGAGUAGAUUGGCGCUCUAAUUGGAUGGAAGUAGGGGUGAAAACUCCUAUGGACCGAUUAGUGACGAAAAUCCUGGCCAUAGUAGCAGCGAUAGUCGGGUGAGAACCCCGACGGCCUAAUGGAUAAGGGUUCCUCAGCACUGCUGAUCAGCUGAGGGUUAGCCGGUCCUAAGUCAUACCGCAACUCGACUAUGACGAAAUGGGAAACGGGUUAAUAUUCCCGUGCCACUAUGCAGUGAAAGUUGACGCCCUGGGGUCGAUCACGCUGGGCAUUCGCCCAGUCGAACCGUCCAACUCCGUGGAAGCCGUAAUGGCAGGAAGCGGACGAACGGCGGCAUAGGGAAACGUGAUUCAACCUGGGGCCCAUGAAAAGACGAGCAUAGUGUCCGUACCGAGAACCGACACAGGUGUCCAUGGCGGCGAAAGCCAAGGCCUGUCGGGAGCAACCAACGUUAGGGAAUUCGGCAAGUUAGUCCCGUACCUUCGGAAGAAGGGAUGCCUGCUCCGGAACGGAGCAGGUCGCAGUGACUCGGAAGCUCGGACUGUCUAGUAACAACAUAGGUGACCGCAAAUCCGCAAGGACUCGUACGGUCACUGAAUCCUGCCCAGUGCAGGUAUCUGAACACCUCGUACAAGAGGACGAAGGACCUGUCAACGGCGGGGGUAACUAUGACCCUCUUAAGGUAGCGUAGUACCUUGCCGCAUCAGUAGCGGCUUGCAUGAAUGGAUUAACCAGAGCUUCACUGUCCCAACGUUGGGCCCGGUGAACUGUACAUUCCAGUGCGGAGUCUGGAGACACCCAGGGGGAAGCGAAGACCCUAUGGAGCUUUACUGCAGGCUGUCGCUGAGACGUGGUCGCCGAUGUGCAGCAUAGGUAGGAGACACUACACAGGUACCCGCGCUAGCGGGCCACCGAGUCAACAGUGAAAUACUACCCGUCGGUGACUGCGACUCUCACUCCGGGAGGAGGACACCGAUAGCCGGGCAGUUUGACUGGGGCGGUACGCGCUCGAAAAGAUAUCGAGCGCGCCCUAUGGCUAUCUCAGCCGGGACAGAGACCCGGCGAAGAGUGCAAGAGCAAAAGAUAGCUUGACAGUGUUCUUCCCAACGAGGAACGCUGACGCGAAAGCGUGGUCUAGCGAACCAAUUAGCCUGCUUGAUGCGGGCAAUUGAUGACAGAAAAGCUACCCUAGGGAUAACAGAGUCGUCACUCGCAAGAGCACAUAUCGACCGAGUGGCUUGCUACCUCGAUGUCGGUUCCCUCCAUCCUGCCCGUGCAGAAGCGGGCAAGGGUGAGGUUGUUCGCCUAUUAAAGGAGGUCGUGAGCUGGGUUUAGACCGUCGUGAGACAGGUCGGCUGCUAUCUACUGGGUGUGUAAUGGUGUCUGACAAGAACGACCGUAUAGUACGAGAGGAACUACGGUUGGUGGCCACUGGUGUACCGGUUGUUCGAGAGAGCACGUGCCGGGUAGCCACGCCACACGGGGUAAGAGCUGAACGCAUCUAAGCUCGAAACCCACUUGGAAAAGAGACACCGCCGAGGUCCCGCGUACAAGACGCGGUCGAUAGACUCGGGGUGUGCGCGUCGAGGUAACGAGACGUUAAGCCCACGAGCACUAACAGACCAAAGCCAUCAU,0,0.22,14.88,0.96141,0.15189,2754,2922,0.05749,8.85780
1tfw,2.2,protRNA,GCGGAUCCGCACC,H,0.24,2.50,0.91977,0.17754,13,13,0.0,8.70715
1t0e,1.7,naked,CGAGCGUCACACCACCC,C,0.24,3.24,0.91882,0.10488,17,17,0.0,7.67047
1t0e,1.7,naked,GGUGGUGAAGUCGCUCGG,A,0.24,3.24,0.90729,0.12695,21,18,0.0,7.93933
1vc0,2.5,protRNA,GAUGGCCGGCAUGGUCCCAGCCUCCUCGCUGGCGCCGGCUGGGCAACACCAUUGCACUCCGGUGGUGAAUGGGACU,B,0.27,14.66,0.85045,0.20107,73,76,0.03947,11.05581
1vql,2.3,protRNA,CCAXACC,4,0.25,14.00,0.96986,0.12843,7,7,0.0,8.76857
1vqn,2.4,protRNA,CCAFXX,5,0.25,14.70,0.92733,0.20217,6,6,0.0,9.83367
1wpu,1.48,protRNA,UUGAGUU,C,0.24,10.79,0.75729,0.23657,7,7,0.0,10.17379
1yty,2.29,protRNA,UGCUGUUUU,D,0.29,6.30,0.94833,0.11822,9,9,0.0,9.18411
1yvp,2.2,protRNA,GCUGGUCCGA,C,0.24,12.44,0.95890,0.11000,10,10,0.0,8.35080
1yvp,2.2,protRNA,UUGACUAGCC,D,0.24,12.44,0.92540,0.11820,10,10,0.0,8.68440
1yz9,2.1,protRNA,CGAACUUCGCG,E,0.24,8.55,0.93473,0.13336,11,11,0.0,8.43659
1zbi,1.85,protRNA,GACACCUGAUUC,C,0.25,6.26,0.96283,0.08117,12,12,0.0,7.60967
1zci,1.65,naked,CUUGCUGAAGUGCACACAGCAAG,A,0.25,1.01,0.93235,0.09991,23,23,0.0,7.54102
1zh5,1.85,protRNA,UGCUGUUUU,D,0.25,3.73,0.93600,0.10944,9,9,0.0,7.92406
1zx7,2.15,naked,CGCGUCACACCACC,B,0.29,6.43,0.86021,0.16471,14,14,0.0,10.12750
1zx7,2.15,naked,GUGGUGAAGUCGCGG,E,0.29,6.43,0.86460,0.16360,15,15,0.0,10.08350
2ab4,2.4,protRNA,CCACGGUUCGAAUCCGUGGC,B,0.27,13.74,0.91145,0.15890,20,20,0.0,9.92660
2ann,2.3,protRNA,CGCGCGGAUCAGUCACCCAAGCGCG,B,0.25,10.23,0.96348,0.12039,23,25,0.08000,8.88680
2anr,1.94,protRNA,CUCGCGGAUCAGUCACCCAAGCGAG,B,0.27,11.16,0.93840,0.11092,25,25,0.0,8.73816
2ao5,2.1,naked,GGCGUGCGCU,C,0.25,8.53,0.95480,0.09650,10,10,0.0,8.16010
2asb,1.5,protRNA,GAACUCAAUAG,B,0.22,15.89,0.95464,0.08218,11,11,0.0,7.27486
2atw,2.25,protRNA,AGAACUCAAUAG,B,0.27,8.97,0.93967,0.11733,12,12,0.0,8.97983
2bgg,2.2,protRNA,GUCGAAUU,Q,0.24,15.89,0.88487,0.19500,8,8,0.0,9.79550
2bgg,2.2,protRNA,UUCGACGC,P,0.24,15.89,0.91275,0.20237,8,8,0.0,9.63150
2b3j,2.0,protRNA,UUUGACUACGGAUCAA,H,0.24,9.77,0.88394,0.17012,16,16,0.0,9.09800
2c4q,2.38,protRNA,ACAUGAGGAUUACCCAUGU,R,0.24,5.67,0.91447,0.18059,17,19,0.10526,9.53348
2dxi,2.2,protRNA,GGCCCCAUCGUCUAGCGGUUAGGACGCGGCCCUCUCAAGGCCGAAACGGGGGUUCGAUUCCCCCUGGGGUCACCA,C,0.26,12.51,0.91011,0.14529,75,75,0.0,9.38699
2et5,2.2,naked,CGCGUCACACCGGUGAAGUCGC,B,0.27,2.47,0.94338,0.15314,21,22,0.04545,9.04340
2ez6,2.05,protRNA,AAAGGUCAUUCGCAAGAGUGGCCUUUAU,D,0.26,8.04,0.96061,0.11414,28,28,0.0,8.36029
2f8k,2.0,protRNA,UAAUCUUUGACAGAUU,B,0.28,2.68,0.94037,0.12363,16,16,0.0,8.64000
2gcv,2.1,naked,GCGCCUGGACUUAAAGCCAUUGCACU,A,0.24,7.35,0.87065,0.18240,20,26,0.23077,10.20458
2gdi,2.05,naked,GGACUCGGGGUGCCCUUCUGCGUGAAGGCUGAGAAAUACCCGUAUCACCUGAUCUGGAUAAUGCCAGCGUAGGGAAGUUC,X,0.24,2.28,0.91297,0.16706,80,80,0.0,8.51670
2g3s,1.499,naked,GGCGUGCC,I,0.28,13.94,0.96050,0.10287,8,8,0.0,8.37600
2g8i,1.65,protRNA,UCGACA,B,0.20,5.26,0.96417,0.07367,6,6,0.0,6.38900
2hvy,2.3,protRNA,GGGUCCGCCUUGAGUGCCCGGGUGAGAAGCAUGAUCCCGGGUAAUUAUGGCGGACCCACAGAAUU,E,0.28,2.62,0.85851,0.20470,61,65,0.06154,10.48673
2hw8,2.1,protRNA,GGGGUGAAGGAGGCUUCGGCCGCGAAACUUCACCCC,B,0.25,11.44,0.96964,0.09461,36,36,0.0,8.17178
2i82,2.05,protRNA,GAGGGGANUGAAAAUCCCCUC,F,0.26,7.98,0.94519,0.11581,21,21,0.0,8.49395
2jlv,1.9,protRNA,AGACUAACAACU,C,0.25,5.67,0.92357,0.14643,7,12,0.41667,10.13304
2jlx,2.2,protRNA,AGACUAACAACU,C,0.25,4.81,0.92213,0.18850,8,12,0.33333,10.40482
2nuf,2.5,protRNA,CAAGGUCAUUCGCAAGAGUGGCCUUGCG,D,0.28,15.55,0.96050,0.12939,28,28,0.0,9.66864
2nug,1.7,protRNA,AAGGUCAUUCG,C,0.22,5.70,0.96764,0.06673,11,11,0.0,6.73773
2nug,1.7,protRNA,AGUGGCCUUGC,E,0.22,5.70,0.94631,0.09292,13,11,0.0,7.11792
2nz4,2.498,protRNA,AAGCGCCAGAACU,E,0.27,3.35,0.94554,0.14246,13,13,0.0,9.10288
2nz4,2.498,protRNA,GGCACCAUUGCACUCCGGUGCCAGUUGACGAGGUGGGGUUUAUCGAGAUUUCGGCGGAUGACUCCCGGUUGUUCAUCACAACCGCAAGCUUUUACUUAAAUCAUUAAGGUGACUUAGUGGACAAAGGUGAAAGUGUGAUGA,Q,0.27,3.35,0.93662,0.15823,141,141,0.0,9.30032
2oe5,1.51,naked,GGCGUCGCUAGUACCG,A,0.23,0.00,0.90244,0.09994,16,16,0.0,7.23000
2oe5,1.51,naked,GGUACUAAAAGUCGCCC,B,0.23,0.00,0.93759,0.08747,17,17,0.0,6.84906
2oe8,1.8,naked,CGGUACUAAAAGUCGCC,B,0.24,1.76,0.91971,0.11441,17,17,0.0,7.76565
2oe8,1.8,naked,GGGCGUCGCUAGUACC,A,0.24,1.76,0.91038,0.11050,16,16,0.0,7.80900
2oiy,1.6,naked,CUUGCUGAAGCGCGCACGGCAAG,A,0.25,4.70,0.93222,0.08774,23,23,0.0,7.57917
2o5i,2.5,protRNA,GAGUCUGCGGCGCGCG,Y,0.27,59.87,0.95169,0.12769,16,16,0.0,11.76150
2pjp,2.3,protRNA,GGCGGUUGCAGGUCUGCACCGCC,B,0.25,14.47,0.89061,0.16809,23,23,0.0,9.74333
2pn4,2.32,naked,CGGAGGAACUACUGUCUUCACGCC,C,0.32,1.42,0.92337,0.15300,24,24,0.0,9.98800
2pn4,2.32,naked,GCGUGUCGUGCAGCCUCCGG,B,0.32,1.42,0.91635,0.15410,20,20,0.0,10.05300
2pwt,1.8,naked,GCGUCACACCGGUGAAGUCGC,B,0.24,1.74,0.94200,0.11171,21,21,0.0,7.56471
2p7d,2.25,naked,GUCCACCG,P,0.24,11.11,0.84862,0.25512,8,8,0.0,10.37750
2p7e,2.05,naked,GGCAGAGAAACACACGA,C,0.27,10.62,0.96941,0.09147,17,17,0.0,8.41747
2p7e,2.05,naked,GUCCACCG,P,0.27,10.62,0.94113,0.12350,8,8,0.0,8.90000
2p7e,2.05,naked,UCGUGGUACAUUACCUGCC,D,0.27,10.62,0.96968,0.09521,19,19,0.0,8.44521
2qus,2.4,naked,GGGAGCCCUGUCACCGGAUGUGCUUUCCGGUCUGAUGAGUCCGUGAGGACAAAACAGGGCUCCCGAAUU,A,0.25,7.60,0.92667,0.18464,69,69,0.0,9.34377
2quw,2.2,naked,ACCGGAUGUGCUUUCCGGUCUGAUGAGUCCGUGAGGACAAAACAGGGCUCCCGAAUU,B,0.26,4.92,0.88225,0.18047,57,57,0.0,9.51182
2quw,2.2,naked,GGGAGCCCUGUC,C,0.26,4.92,0.89917,0.17350,12,12,0.0,9.32067
2qux,2.44,protRNA,GGCACAGAAGAUAUGGCUUCGUGCC,F,0.24,1.82,0.92604,0.15992,25,25,0.0,8.72204
2q1o,1.1,naked,CGCNAAUUGGCG,C,0.14,0.65,0.98517,0.06042,12,12,0.0,4.25450
2r1s,1.4,naked,GCGUUUGAAACGC,A,0.18,0.00,0.97415,0.07685,13,13,0.0,5.46154
2r21,1.59,naked,GCGUUUGAAACGC,A,0.19,0.00,0.97092,0.07323,13,13,0.0,5.82846
2r8s,1.95,protRNA,GGAAUUGCGGGAAAGGGGUCAACAGCCGUUCAGUACCAAGUCUCAGGGGAAACUUUGAGAUGGCCUUGCAAAGGGUAUGGUAAUAAGCUGACGGACAUGGUCCUAACACGCAGCCAAGUCCUAAGUCAACAGAUCUUCUGUUGAUAUGGAUGCAGUUCA,R,0.23,4.06,0.88978,0.15967,159,159,0.0,8.45209
2uwm,2.31,protRNA,GGCGUUGCCGGUCUGGCAACGCC,D,0.24,6.01,0.94835,0.17004,23,23,0.0,8.70407
2val,2.0,naked,GCGGGAA,A,0.32,10.03,0.95071,0.10043,7,7,0.0,9.45921
2val,2.0,naked,UUCCCGC,C,0.32,10.03,0.95400,0.10429,7,7,0.0,9.46379
2vpl,2.3,protRNA,GGAGUGAAGGAGGCUCGCGAACUCGCGAAGCCGAGAAACUUCACUCCC,B,0.27,2.28,0.87042,0.16504,48,48,0.0,9.63100
2vqe,2.5,protRNA,GCAUGCUXAAAACAUGC,Y,0.28,27.02,0.83486,0.22629,7,17,0.58824,14.37539
2vuq,1.18,naked,CCAAUGC,B,0.23,0.00,0.93700,0.11314,7,7,0.0,6.72914
2vuq,1.18,naked,GCAUUGG,A,0.23,0.00,0.93571,0.11200,7,7,0.0,6.73029
2v7r,1.2,naked,CCAACGC,B,0.21,0.00,0.96371,0.08414,7,7,0.0,5.94343
2v7r,1.2,naked,GCGUUGG,A,0.21,0.00,0.96243,0.08143,7,7,0.0,5.93200
2w89,2.0,naked,CGGAUGC,B,0.26,13.16,0.93886,0.09500,7,7,0.0,8.58714
2xli,2.33,protRNA,CUGCCGUAUAGGCAGC,B,0.25,9.43,0.86519,0.21025,16,16,0.0,10.06200
2xlk,1.805,protRNA,CUGCCGUAUAGGCAGC,C,0.22,6.04,0.95344,0.09019,16,16,0.0,7.15600
2xnr,1.6,protRNA,UUCUUAUUCUUA,C,0.18,2.28,0.91500,0.11460,5,12,0.58333,8.88412
2xo1,1.6,naked,GAACAUAUAAUCGCGUGGAUAUGGCACGCAAGUUUCUACCGGGCACCGUAAAUGUCCGAUUAUGUCC,A,0.21,1.42,0.92860,0.09506,65,67,0.02985,6.90209
2xsl,1.59,naked,GCGGGAG,A,0.28,1.11,0.95386,0.09157,7,7,0.0,7.78721
2x2q,1.9,naked,NNUNANN,A,0.26,5.12,0.94843,0.11171,7,7,0.0,8.14229
2y8w,1.8,protRNA,UCCCCACGCGUGUGGGGAUG,B,0.21,13.14,0.94420,0.09805,20,20,0.0,7.46780
2y8y,1.44,protRNA,UCCCCACGCGUGUGGGGAU,B,0.21,12.67,0.88705,0.13726,19,19,0.0,7.85518
2zh6,2.5,protRNA,GGCCCGGGGCGGUUCGAUUCCGCCCUGGGCCACU,B,0.25,15.94,0.91400,0.17482,34,34,0.0,9.88359
2zko,1.7,protRNA,AGACAGCAUUAUGCUGUCUUU,D,0.23,2.48,0.90738,0.14333,21,21,0.0,7.85162
2zue,2.0,protRNA,GGACCGGUAGCCUAGCCAGGACAGGGCGGCGGCCUCCUAAGCCGCAGGUCCGGGGUUCAAAUCCCCGCCGGUCCGCCA,B,0.25,15.92,0.90334,0.14887,77,78,0.02564,9.36282
2zuf,2.3,protRNA,GGACCGGUAGCCUAGCCAGGACAGGGCGGCGGCCUCCUAAGCCGCAGGUCCGGGGUUCAAAUCCCCGCCGGUCCGCCA,B,0.26,17.54,0.92169,0.16048,77,78,0.02564,9.86990
2zy6,1.75,naked,GCCCGGAUAGUGUCCUUGGGAAACCGAGUCCGGGCACCA,A,0.24,0.00,0.92850,0.10305,38,39,0.02564,7.56898
2z74,2.2,naked,CCGGCUUUAAGUUGACGAGGGCAGGGUUUAUCGAGACAUCGGCGGGUGCCCUGCGGUCUUCCUGCGACCGUUAGAGGACUGGUAAAACCACAGGCGACUGUGGCAUAGAGCAGUCCGGGCAGGAA,B,0.23,4.73,0.93466,0.14237,123,125,0.01600,8.30222
2z75,1.7,naked,CCGGCUUUAAGUUGACGAGGGCAGGGUUUAUCGAGACAUCGGCGGGUGCCCUGCGGUCUUCCUGCGACCGUUAGAGGACUGGUAAAACCACAGGCGACUGUGGCAUAGAGCAGUCCGGGCAGGAA,B,0.24,4.75,0.91509,0.12220,123,125,0.01600,7.97841
280d,2.4,naked,GGCGCUUGCGUC,A,0.24,18.28,0.94967,0.16550,12,12,0.0,9.36067
3add,2.4,protRNA,GGCCGCCGCCACCGGGGUGGUCCCCGGGCCGGACUUCAGAUCCGGCGCGCCCCGAGUGGGGCGCGGGGUUCAAUUCCCCGCGGCGGCCGCCA,C,0.26,11.39,0.90195,0.15402,88,92,0.04348,9.83997
3agv,2.15,protRNA,GGAGGUGXUXXGAAAGGAAXUXXA,U,0.28,27.67,0.83946,0.20292,24,24,0.0,11.48117
3am1,2.4,protRNA,GGCGCGGGGUACCGGGCUUGGUAGCCCGGGGCUUCGGCCGAGGGCGAGAGCCCUCGGGGUUCGAUUCCCCCCCUGCGCCGC,B,0.29,26.53,0.95194,0.13806,81,81,0.0,10.43549
3avx,2.406,protRNA,AACGAUGGACCCA,T,0.28,26.36,0.91277,0.18192,13,13,0.0,10.92123
3bnr,2.1,naked,GCGUCACCUCGAGCAAGUCGC,D,0.24,1.71,0.94071,0.14276,21,21,0.0,8.12188
3bns,1.9,naked,GCGUCACCUCGAGCAAGUCGC,D,0.26,2.11,0.92105,0.13176,21,21,0.0,8.37121
3boy,1.7,protRNA,UUUAGUUUUUAGUUUUUAGUUU,D,0.25,5.14,0.81764,0.17495,22,22,0.0,9.31555
3bsn,1.8,protRNA,UGCCCGGGC,T,0.24,3.18,0.94689,0.11378,9,9,0.0,7.61411
3bsu,2.1,protRNA,GACACCUGAUUC,D,0.29,12.11,0.96817,0.10250,12,12,0.0,9.00017
3bsx,2.32,protRNA,UUGUAAUAUUA,C,0.28,15.97,0.92020,0.15360,10,11,0.09091,10.38934
3bt7,2.43,protRNA,GCUGUGUUCGAUCCACAGC,D,0.29,18.05,0.96526,0.12684,19,19,0.0,9.84513
3b31,2.4,naked,GGUUAUUCAGAUUAGGUAGUCGAAUGACC,A,0.27,12.15,0.90752,0.16572,29,29,0.0,9.93316
3b31,2.4,naked,UAAGAAAUUUACCU,B,0.27,12.15,0.91893,0.14764,14,14,0.0,9.69721
3b5s,2.25,naked,CGGUGAGAAGGGXGGCAGAGAAACACACGA,B,0.24,4.41,0.92287,0.14933,30,30,0.0,8.60223
3cgp,1.57,naked,CGCUACUAACGCG,B,0.23,1.23,0.95046,0.08600,13,13,0.0,6.85581
3cgp,1.57,naked,GCGCGUAGUAGC,A,0.23,1.23,0.95242,0.08125,12,12,0.0,6.80217
3cgr,2.1,naked,CGCACUAACCGCG,B,0.25,3.70,0.92869,0.14208,13,13,0.0,8.49208
3cgr,2.1,naked,GCGCGGUAGUGC,A,0.25,3.70,0.90825,0.14508,12,12,0.0,8.67967
3cgs,1.65,naked,CGCUACUGACGCG,B,0.25,0.00,0.91892,0.09392,13,13,0.0,7.55000
3cgs,1.65,naked,GCGCGUAGUAGC,A,0.25,0.00,0.92183,0.08950,12,12,0.0,7.49133
3cjz,1.8,naked,GGACGGACGUCCU,B,0.28,2.35,0.92392,0.13092,13,13,0.0,8.61350
3czw,1.4,naked,GUGGUCUGAUGAGGCC,X,0.23,2.17,0.96520,0.06967,15,16,0.06250,6.73423
3dd2,1.9,protRNA,GGGAACAAAGCUGAAGUACUUACCCT,B,0.25,7.47,0.93485,0.10854,26,26,0.0,8.16304
3dil,1.9,naked,GGCCGACGGAGGCGCGCCCGAGAUGAGUAGGCUGUCCCAUCAGGGGAGGAAUCGGGGACGGCUGAAAGGCGAGGGCGCCGAAGGGUGCAGAGUUCCUCCCGCUCUGCAUGCCUGGGGGUAUGGGGAAUACCCAUACCACUGUCACGGAGGUCUCUCCGUGGAGAGCCGUCGGUC,A,0.23,0.52,0.90081,0.15121,174,174,0.0,8.06917
3d0m,2.0,naked,GUGGUCUGAUGAGGCC,X,0.36,7.74,0.87431,0.15331,16,16,0.0,11.09900
3d2g,2.25,naked,GGGACCAGGGGUGCUUGUUCACAGGCUGAGAAAGUCCCUUUGAACCUGAACAGGGUAAUGCCUGCGCAGGGAGUGUC,A,0.26,12.63,0.92955,0.14190,77,77,0.0,9.26031
3d2s,1.7,protRNA,CGCUGU,F,0.26,7.15,0.92320,0.12020,5,6,0.16667,8.98018
3d2v,2.0,naked,GGGACCAGGGGUGCUUGUUCACAGGCUGAGAAAGUCCCUUUGAACCUGAACAGGGUAAUGCCUGCGCAGGGAGUGUC,A,0.25,6.90,0.94444,0.15149,77,77,0.0,8.50142
3egz,2.2,protRNA,GAGGGAGAGGUGAAGAAUACGACCACCUAGGUACCAUUGCACUCCGGUACCUAAAACAUACCCUC,B,0.26,24.65,0.92497,0.16608,65,65,0.0,10.04136
3eqt,2.0,protRNA,GCGCGCGC,C,0.25,8.49,0.95825,0.09437,8,8,0.0,8.01350
3e5c,2.25,naked,GUUCCCGAAAGGAUGGCGGAAACGCCAGAUGCCUUGUAACCGAAAGGGGGAAU,A,0.23,5.01,0.92389,0.15636,53,53,0.0,8.50027
3foz,2.5,protRNA,GCCCGGAUAGCUCAGUCGGUAGAGCAGGGGAUUGAAAAUCCCCGUGUCCUUGGUUCGAUUCCGAGUCUGGGCAC,C,0.27,3.52,0.95265,0.14026,74,74,0.0,9.03686
3fs0,2.3,naked,CCAGUCGGAAC,B,0.23,0.00,0.93700,0.11264,11,11,0.0,7.84509
3fs0,2.3,naked,GGUGAGGCUG,A,0.23,0.00,0.94880,0.10470,10,10,0.0,7.68720
3glp,1.23,naked,GCUGCUGC,A,0.18,7.52,0.98225,0.05862,8,8,0.0,5.45700
3gm7,1.58,naked,CUGCUGCUGCUGCUGCUG,G,0.26,7.91,0.92906,0.11022,18,18,0.0,8.10483
3hax,2.11,protRNA,AUAAUUUGACUCAA,F,0.22,2.75,0.92529,0.16543,14,14,0.0,8.12864
3hax,2.11,protRNA,GGGUCCGCCUUGAGUGCCCGGGUGAGAAGCAUGAUCCCGGGUAAUUAUGGCGGACCCACAGAU,E,0.22,2.75,0.94095,0.13140,60,63,0.04762,7.92158
3hjw,2.35,protRNA,GAGCGUGCGGUUU,E,0.25,6.86,0.88315,0.16331,13,13,0.0,9.43423
3hjw,2.35,protRNA,GGGCCACGGAAACCGCGCGCGGUGAUCAAUGAGCCGCGUUCGCUCCCGUGGCCCACAA,D,0.25,6.86,0.91543,0.15071,58,58,0.0,9.07521
3hsb,2.2,protRNA,AGAGAGA,X,0.23,11.30,0.93229,0.12814,7,7,0.0,8.47186
3ibk,2.2,naked,UAGGGUUAGGGU,A,0.23,1.51,0.91358,0.14500,12,12,0.0,8.26683
3knc,2.5,naked,CGCUACGC,B,0.23,3.72,0.96612,0.09875,8,8,0.0,7.88700
3ks8,2.401,protRNA,AGAAGGAGGGAGGGAGGA,E,0.24,9.08,0.93428,0.11967,18,18,0.0,8.65711
3ks8,2.401,protRNA,UCCUCCCUCCCUCCUUCU,F,0.24,9.08,0.92167,0.12189,18,18,0.0,8.77578
3k1v,2.2,naked,AGAGGUUCUAGCACAUCCCUCUAUAAAAAACUAA,A,0.27,11.52,0.93480,0.14157,30,34,0.11765,9.76073
3k61,2.21,protRNA,UGUAAAAUC,B,0.22,5.92,0.94911,0.12900,9,9,0.0,7.90511
3k62,1.9,protRNA,UGUGUUAUC,B,0.20,6.44,0.94467,0.11889,9,9,0.0,7.21578
3k64,2.0,protRNA,UGUGUCAUU,B,0.19,4.64,0.95744,0.10811,9,9,0.0,6.85733
3la5,1.7,naked,GGCUUCAUAUAAUCCGAAUGAUAUGGUUUCGGAGCUUCCACCAAGAGCCUUAAACUCUUGACUAUGGAGUC,A,0.20,2.62,0.93256,0.10706,71,71,0.0,6.82694
3loa,2.299,naked,CCGCGCCCGUCACACCACCCG,A,0.23,7.70,0.95462,0.11343,21,21,0.0,8.09548
3loa,2.299,naked,GGGUGGUGAAGUCGUAACGCGGC,B,0.23,7.70,0.94791,0.11900,23,23,0.0,8.19370
3lqx,1.93,protRNA,GGCUCUGUUUACCAGGUCAGGUCCGAAAGGAAGCAGCCAAGGCAGAGCC,B,0.26,3.70,0.91443,0.13276,49,49,0.0,8.54161
3lrr,2.15,protRNA,XUAUAUAUAUAU,D,0.23,16.59,0.92158,0.12500,12,12,0.0,8.74683
3lwr,2.203,protRNA,GGGCCACGGAAACCGCGCGCGGUGAUCAAUGAGCCGCGUUCGCUCCCGUGGCCCACAA,D,0.26,8.38,0.91238,0.15019,58,58,0.0,9.20148
3l25,2.0,protRNA,CGCAUGCG,F,0.21,2.25,0.98162,0.10525,8,8,0.0,6.88150
3l26,2.4,protRNA,CGCAUGCG,C,0.25,3.34,0.96888,0.14388,8,8,0.0,8.46700
3mei,1.968,naked,CCGCCGCGCCAUGCCUGUGGCGG,B,0.24,1.35,0.96426,0.08943,23,23,0.0,7.35889
3mj0,2.306,protRNA,CGUUACGCU,B,0.27,22.83,0.97056,0.11567,9,9,0.0,9.47239
3mxh,2.3,protRNA,GGUCACGCACAGGGCAAACCAUUCGAAAGAGUGGGACGCAAAGCCUCCGGCCUAAACCAUUGCACUCCGGUAGGUAGCGGGGUUACCGAUGG,R,0.24,6.00,0.92011,0.16468,92,92,0.0,8.87661
3nd3,1.37,naked,AGAGAAGAUUUUUUUU,A,0.23,0.00,0.95175,0.08419,16,16,0.0,6.56950
3nd4,1.524,naked,AGAGAAGAUCUUCUCU,A,0.21,0.00,0.96512,0.07956,16,16,0.0,6.21550
3nkb,1.916,naked,GGUCCGCAGCCUCCUCGCGGCGCAAGCUGGGCAACAUUCCGAAAGGUAAUGGCGAAUGCGGACC,B,0.24,0.43,0.94034,0.13506,64,64,0.0,7.81925
3nnc,2.2005,protRNA,UGUGUGUUGUGUG,B,0.26,10.20,0.89057,0.14486,7,13,0.46154,11.27045
3npq,2.1814,naked,GGACGAGGAGCGCUGCAAGCGAGAGCCCAGGCUCGUCCGUUCAAACGGCGCUCA,A,0.25,6.64,0.90822,0.12055,51,54,0.05556,8.93291
3og8,2.4,protRNA,GGCGCGCGCGCGCC,D,0.28,15.32,0.95957,0.11793,14,14,0.0,9.47286
3oin,1.9,protRNA,GGGCUUCAACGCCC,C,0.23,6.13,0.94757,0.10793,14,14,0.0,7.62936
3ok4,1.149,naked,GGCAUUACGG,N,0.25,15.78,0.96580,0.10160,10,10,0.0,7.52540
3olb,2.41,protRNA,AAGUCUCCAGGUCUCUCGUCCGGAAA,F,0.26,9.05,0.92833,0.11172,18,26,0.30769,10.24037
3olb,2.41,protRNA,GCCCGGACGAGAGA,C,0.26,9.05,0.93700,0.11143,14,14,0.0,8.93793
3ol9,2.25,protRNA,AAGUCUCCAGGUCUCUCGUCCGGAAA,N,0.25,9.47,0.93432,0.12905,19,26,0.26923,9.85831
3ol9,2.25,protRNA,GCCCGGACGAGAGAN,O,0.25,9.47,0.94693,0.10987,15,15,0.0,8.52697
3ol9,2.25,protRNA,GGGAGAUGA,P,0.25,9.47,0.83700,0.13850,4,9,0.55556,11.85774
3ova,1.98,protRNA,GGAAGUAGAUGGUUCAAGUCCAUUUACUUCCACC,C,0.24,7.35,0.91482,0.18300,34,34,0.0,8.81291
3ovb,1.95,protRNA,GGAAGUAGAUGGUUCAAGUCCAUUUACUUCCACCA,C,0.25,7.68,0.92442,0.15453,36,35,0.0,8.67489
3o7v,2.1,protRNA,GCGAAUAUUCGCUU,A,0.28,5.56,0.91721,0.12157,14,14,0.0,9.05286
3pdr,1.853,naked,GGGCUUCGUUAGGUGAGGCUCCUGUAUGGAGAUACGCUGCUGCCCAAAAAUGUCCAAAGACGCCAAUGGGUCAACAGAAAUCAUCGACAUAAGGUGAUUUUUAAUGCAGCUGGAUGCUUGUCCUAUGCCAUACAGUGCUAAAGCUCUACGAUUGAAGCCCA,A,0.23,4.44,0.95248,0.10630,161,161,0.0,7.44261
3pf4,1.38,protRNA,GUCUUUA,R,0.19,3.06,0.82771,0.17686,7,7,0.28571,8.88898
3p4a,1.2,naked,XXXXUUXX,B,0.23,8.59,0.97637,0.06438,8,8,0.0,6.47350
3p4b,1.45,naked,XGXAUUXG,C,0.25,1.36,0.92775,0.11287,8,8,0.0,7.49900
3p4c,1.15,naked,XGXAUUXG,B,0.25,16.76,0.96450,0.08038,8,8,0.0,7.41500
3p4d,1.85,naked,XCXCXGXG,A,0.27,9.84,0.95625,0.08975,8,8,0.0,8.27000
3p59,2.1793,naked,CCGGAGGAACUACUG,A,0.19,38.75,0.96213,0.09567,15,15,0.0,8.60577
3p59,2.1793,naked,CCGGCAGCCU,B,0.19,38.75,0.97560,0.08330,10,10,0.0,8.39910
3qgc,1.9,protRNA,UGUGCCUUA,B,0.21,6.15,0.95878,0.08700,9,9,0.0,7.01328
3qrp,2.352,protRNA,GUCCCCACG,B,0.22,6.23,0.96222,0.12100,9,9,0.0,7.89172
3qrp,2.352,protRNA,XGUGGGG,C,0.22,6.23,0.96971,0.13229,7,7,0.0,7.92207
3rg5,2.0,naked,GCCCGGAUGAUCCUCAGUGGUCUGGGGUGCAGGCUUCAAACCUGUAGCUGUUUAGCGACAGAGUGGUUCAAUUCCACCUUUCGGGC,B,0.25,3.23,0.92853,0.12313,86,86,0.0,8.21824
3rkf,2.5,naked,GGCCAUAUAACUGCGUGGAUAUAGCACGCAGGUUUCUACCGGGCACUGUAAAUGUCCGACUAUGGUC,C,0.23,14.03,0.91337,0.15530,67,67,0.0,9.27690
3rw6,2.3,protRNA,GGCACUAACCUAAGACAGGAGGGCCGGGAAACCUGCCUAAUCCAAUGACGGGUAAUAGUGUC,H,0.26,9.87,0.95239,0.12116,62,62,0.0,8.82369
3r1d,1.45,naked,GCXGCGGCGGC,D,0.27,6.05,0.94138,0.10615,13,11,0.0,7.93065
3r2c,1.902,protRNA,GGCUCCUUGGCA,S,0.20,3.83,0.92360,0.11420,10,12,0.16667,7.88298
3r2d,2.199,protRNA,GGCUCCUUGGCA,S,0.24,3.32,0.96050,0.14075,8,12,0.33333,9.46132
3r9w,2.05,protRNA,CAACCGUAGGGGAACCUGCGGUUGGAUCACCUCC,B,0.24,9.57,0.91932,0.16876,34,34,0.0,8.84403
3sj2,1.36,naked,GGGCCGGCGGCGGGUCC,B,0.19,1.69,0.98465,0.06506,17,17,0.0,5.50779
3ski,2.3,naked,GGCCUUAUACAGGGUAGCAUAAUGGGCUACUGACCCCGCCUUCAAACCUAUUUGGAGACUAUAAGGUC,A,0.28,2.23,0.93509,0.12990,68,68,0.0,9.00997
3ssf,1.6,naked,UAAAAGAAAAGG,A,0.23,1.20,0.90459,0.12659,17,12,0.0,7.57600
3syw,1.57,naked,UUGGGCCUGCUGCUGGUCC,A,0.19,22.93,0.93519,0.10986,21,19,0.0,7.53383
3szx,2.204,naked,UUGGGCCUGCUGCUGGUCC,B,0.27,4.13,0.95253,0.10063,19,19,0.0,8.45134
3td0,1.6,naked,UUGCGUCGCGUCGACGAAGUCGC,B,0.26,2.11,0.93987,0.09822,23,23,0.0,7.65228
3ts2,2.01,protRNA,XGGGUCUAUGAUACCACCCCGGAG,V,0.22,1.76,0.92358,0.15879,24,24,0.0,7.93967
3tzr,2.212,naked,CGAGGAACUACUGUCUUCCC,A,0.24,8.18,0.94610,0.11410,20,20,0.0,8.28300
3tzr,2.212,naked,GGUCGUGCAGCCUCGG,B,0.24,8.18,0.91944,0.13219,16,16,0.0,8.64100
3u4m,2.0,protRNA,GGGAUGCGUAGGAUAGGUGGGAGCCUGUGAACCCCCGCCUCCGGGUGGGGGGGAGGCGCCGGUGAAAUACCACCCUUCCC,B,0.21,8.45,0.95570,0.11743,80,80,0.0,7.49630
3vjr,2.4,protRNA,GGGGGCUAAGCGGUUCGAUCCCGCUUAGCUCCACCA,B,0.24,3.51,0.96739,0.10931,36,36,0.0,8.03083
3v6y,2.5,protRNA,UACUGUGCCAUAC,B,0.24,6.66,0.95291,0.13018,11,13,0.15385,9.18658
3v74,2.3,protRNA,UCAUGUGCCAUAC,B,0.23,8.40,0.96509,0.10645,11,13,0.15385,8.60631
3wbm,2.0,protRNA,GGUAAGAGCACCCGACUGCUCUUCC,X,0.25,4.16,0.93204,0.13752,25,25,0.0,8.35184
3x1l,2.096,protRNA,AUUGAAAGUUGUAGUAUGCGGUCCUUGCGGCUGAGAGCA,I,0.25,2.38,0.95509,0.13006,32,39,0.17949,8.83671
3zd5,2.2,naked,GGAUGUACUACCAGCUGAUGAGUCCCAAAUAGGACGAAACGCC,A,0.21,1.48,0.94900,0.14902,43,43,0.0,7.65419
3zd5,2.2,naked,GGCGUCCUGGUAUCCAAUCC,B,0.21,1.48,0.96360,0.14070,20,20,0.0,7.47080
3zgz,2.4,protRNA,GGCCCGGAUGGUGGAAUCGGUAGACACAAGGGAUUUAAAAUCCCUCGGCGUUCGCGCUGUGCGGGUUCAAGUCCCGCUCCGGGCACCA,B,0.24,7.05,0.96007,0.15641,82,88,0.06818,8.91595
3zp8,1.55,naked,GGAUGUACUACCAGCUGAUGAGUCCCAAAUAGGACGAAACGCC,A,0.22,2.93,0.95009,0.09098,43,43,0.0,6.78357
3zp8,1.55,naked,GGCGUCCUGGUAUCCAAUCC,B,0.22,2.93,0.94105,0.10320,20,20,0.0,6.95370
397d,1.3,naked,GCUCUCUGGCCC,B,0.18,0.00,0.96633,0.07492,12,12,0.0,5.40867
397d,1.3,naked,GGCCAGAUCUGAGCG,A,0.18,0.00,0.96767,0.07587,15,15,0.0,5.40560
4al5,2.0,protRNA,UUCACUGCCGUAUAGGCAGC,B,0.24,8.26,0.93733,0.14589,18,20,0.10000,8.80144
4al7,2.32,protRNA,UUCACUGCCGUAUAGGCAGC,B,0.26,9.00,0.75913,0.31707,15,20,0.25000,12.91347
4aq7,2.5,protRNA,GCCCGGAUGGUGGAAUCGGUAGACACAAGGGAUUUAAAAUCCCUCGGCGUUCGCGCUGUGCGGGUUCAAGUCCCGCUCCGGGUACCA,B,0.25,7.69,0.95914,0.13900,79,87,0.09195,9.19119
4ato,2.2,protRNA,AAAUUGGUGUAACCUUACCGUAGUAGGUGCUAAA,G,0.19,4.63,0.96471,0.10479,34,34,0.0,6.97221
4bwm,1.749,protRNA,AAAGGGCGCCGUGGUC,G,0.21,3.34,0.85014,0.14129,14,16,0.12500,8.52614
4bw0,2.33,protRNA,GGGGGAGCCGAAAGGCGAAGAACCCA,A,0.20,4.78,0.97612,0.13508,26,26,0.0,7.44069
4cqn,2.5,protRNA,GCCCGGAUGGUGGAAUCGGUAGACACAAGGGAUUAAUCCCUCGGCGCGCGCUGUGCGGGUUCAAGUCCCGCUCCGGGUACCA,B,0.29,16.68,0.94724,0.13941,82,82,0.0,10.09137
4cs1,2.0,naked,GGCGAAGAACCGGGGAGCC,A,0.23,0.00,0.95268,0.12284,19,19,0.0,7.50126
4c8y,1.8,protRNA,AGCCCCGUAAGGGGAU,C,0.22,9.24,0.76664,0.19829,14,16,0.12500,10.17514
4enb,2.302,naked,GGGCGAUGAGGCCCGCCCAAACUGCCCUGAAAAGGGCUGAUGGCCUCUACUG,A,0.25,2.95,0.91590,0.17152,52,52,0.0,8.99242
4enc,2.272,naked,GGGCGAUGAGGCCCGCCCAAACUGCCCUGAAAAGGGCUGAUGGCCUCUACUG,A,0.25,1.78,0.94987,0.12481,52,52,0.0,8.25854
4e48,2.5,naked,GCUGCUGCUGCUGCUGCUGC,A,0.28,0.00,0.96505,0.12645,20,20,0.0,8.83120
4e5c,1.7,naked,GGCGGCGGCGGCUGCUGCC,A,0.24,0.81,0.93632,0.09537,19,19,0.0,7.33292
4fen,1.35,naked,GGACAUAUAUACGCGUGGAUAUGGCACGCGAGUUUCUACCGGGCACCGUAAAUGUCCGACUAUGUCC,B,0.19,5.42,0.92733,0.08951,67,67,0.0,6.33843
4fnj,1.95,naked,CUGCUGGCUAAGGCAUGAAAGUGCUAUGCCUGCUG,A,0.27,15.99,0.96080,0.09877,35,35,0.0,8.71327
4f3t,2.25,protRNA,UAAAGUGCUUAUAGUGCAGG,R,0.25,5.38,0.85793,0.19550,14,20,0.30000,10.91957
4gha,2.5,protRNA,CUAGACGUCUAG,J,0.25,12.94,0.96592,0.12225,12,12,0.0,8.89767
4ghl,2.02,protRNA,AGACAGCAUAUGCUGUCU,E,0.24,3.64,0.95900,0.11817,18,18,0.0,7.79533
4h5p,2.15,protRNA,UUUUUUUUUUUUUU,F,0.22,1.48,0.95993,0.11886,14,14,0.0,7.45543
4ill,2.484,protRNA,GCUAAUCUACUAUAGAAUUGAAAG,R,0.24,8.30,0.90368,0.15521,19,24,0.20833,10.06053
4jf2,2.28,naked,GGAACCGCGAAAGCGGUUCCACGACGAUACUUAUUUCCUUUGAUCGUCGUUAUUACUGGCUUCGGCCACAAAGGAGA,A,0.24,4.39,0.94326,0.13770,77,77,0.0,8.37503
4jgn,1.86,protRNA,UUGCUGCUGCUGCUGCUGCU,E,0.21,12.95,0.89875,0.15960,20,20,0.0,8.37430
4jng,2.12,protRNA,UUUUUUUUUUUUUUUUUUUUUUUUUUUUUUUUUUUUUUUUUU,L,0.28,12.56,0.90026,0.13783,42,42,0.0,9.68857
4jnx,1.95,protRNA,GCUGCUGCUGCUGCUGCUGC,G,0.23,22.97,0.90787,0.14018,39,20,0.0,9.09696
4jrd,1.0,naked,AAAAAAAAAAA,B,0.16,2.70,0.98045,0.05627,11,11,0.0,4.62155
4jxx,2.3,protRNA,UGGGGUAUCGCCAAGCGGUAAGGCACCGGAUUCUGAUUCCGGCAUUCCGAGGUUCGAAUCCUCGUACCCCAGCCA,B,0.26,10.23,0.89406,0.20128,71,75,0.05333,10.16262
4j39,1.7,protRNA,CAGCAGCAGCCUGCUGCUG,B,0.21,7.92,0.93195,0.10810,20,19,0.0,7.28520
4j5v,2.15,protRNA,CAGCAGCAGCCCGCCGCCG,B,0.21,9.86,0.92810,0.16810,20,19,0.0,8.34300
4j50,1.65,naked,UUGGGCCAGCAGCAGGUCC,B,0.18,0.00,0.93216,0.10442,19,19,0.0,6.26811
4knq,1.82,protRNA,CCGCCGCCGCCGCCGCCGCG,B,0.21,6.12,0.88785,0.18365,20,20,0.0,8.27240
4kq0,2.1,protRNA,GGCGGCGGCGGCGGCGGCC,E,0.23,8.38,0.92105,0.11895,19,19,0.0,8.24216
4kre,1.754,protRNA,AAUAUUAAAAAAAAAAAAAA,R,0.20,1.12,0.92000,0.14127,11,20,0.45000,8.97618
4krf,2.101,protRNA,UGAGGUAGUAGGUUGUAUAGUU,R,0.22,1.98,0.93200,0.12867,12,22,0.45455,9.55053
4ktg,1.92,protRNA,GCGGCGGCGGCGGCGGCGC,E,0.23,12.84,0.90975,0.14935,20,19,0.0,8.61880
4kyy,2.35,naked,UUCGGUUUUGAUCCGGA,B,0.24,7.39,0.94665,0.13876,17,17,0.0,8.57644
4kzd,2.186,protRNA,GGACGCGACCGAAAUGGUGAAGGACGGGUCCAGUGCGAAACACGCACUGUUGAGUAGAGUGUGAGCUCCGUAACUGGUCGCGUC,R,0.21,3.10,0.89790,0.17365,84,84,0.0,8.33100
4k27,2.35,naked,GCCCCUGCCUGCCUGCAGCUAAGGAUGAAAGUCUAUGCUGCCUGCCUGCCUGGGC,U,0.24,1.17,0.92515,0.15847,55,55,0.0,8.59512
4k31,1.415,naked,UUGCGUCGUUCCGGAAAAGUCGC,C,0.26,17.96,0.93236,0.11255,22,23,0.04348,8.61337
4k4s,2.4,protRNA,AAGUCUCCAGGUCUCUCGCGAAA,F,0.24,6.13,0.92171,0.14559,17,23,0.26087,9.86104
4k4s,2.4,protRNA,UGUUCGCGAGAGA,G,0.24,6.13,0.92554,0.15269,13,13,0.0,8.84373
4k4x,2.37,protRNA,AAGUCUCCAGGUCUCUCGUCGAAA,B,0.24,7.73,0.89206,0.14425,16,24,0.33333,10.42732
4k4x,2.37,protRNA,UGUUCGACGAGAGA,K,0.24,7.73,0.86100,0.17331,13,14,0.07143,9.86068
4k4z,2.17,protRNA,AAGUCUCCAGGUCUCUCGUCGAAA,J,0.24,4.39,0.84783,0.14389,18,24,0.25000,10.07794
4k4z,2.17,protRNA,GGGAGAUGA,L,0.24,4.39,0.82333,0.22500,3,9,0.66667,12.58951
4k4z,2.17,protRNA,UGUUCGACGAGAGA,C,0.24,4.39,0.83838,0.15192,13,14,0.07143,9.50353
4lgt,1.3,protRNA,AGAACGUCGUGAGACAGUUCG,E,0.20,9.78,0.98414,0.07333,21,21,0.0,6.10252
4lvw,1.768,naked,GGAGAGUAGAUGAUUCGCGUUAAGUGUGUGUGAAUGGGAUGUCGUCACACAACGAAGCGAGAGCGCGGUGAAUCAUUGCAUCCGCUCCA,A,0.24,3.78,0.93442,0.11778,89,89,0.0,7.74588
4lvx,1.9,naked,GGAGAGUAGAUGAUUCGCGUUAAGUGUGUGUGAAUGGGAUGUCGUCACACAACGAAGCGAGAGCGCGGUGAAUCAUUGCAUCCGCUCCA,A,0.24,1.70,0.93354,0.11803,89,89,0.0,7.78096
4lx6,2.15,naked,GGCUUCAUAUAAUCCGAAUGAUAUGGUUUCGGAGCUUCCACCAAGAGCCUUAAACUCUUGACUAUGAAGUC,A,0.25,7.00,0.93117,0.15765,71,71,0.0,8.81183
4l8h,2.4,protRNA,AUGCAUGUCUAAGACAGCAU,R,0.29,6.82,0.88495,0.20465,20,20,0.0,10.51860
4mce,2.205,naked,AAGACUGCCUG,B,0.26,18.20,0.97200,0.08340,10,11,0.09091,9.05484
4mce,2.205,naked,CAGUGGUCUU,A,0.26,18.20,0.96120,0.09030,10,10,0.0,8.83280
4mcf,1.899,naked,AAGACUGCCUG,B,0.26,2.00,0.96055,0.07545,11,11,0.0,7.59927
4mcf,1.899,naked,CAGUGGUCUU,C,0.26,2.00,0.94789,0.08567,9,10,0.10000,8.18222
4mdx,1.5,protRNA,UUUACAUAA,C,0.18,1.22,0.96511,0.07222,9,9,0.0,5.65789
4msr,1.2,naked,CCGGCGCCGG,B,0.22,3.99,0.97064,0.06245,11,10,0.0,6.09405
4m4o,2.0,protRNA,GGGUUCAUCAGGGCUAAAGAGUGCAGAGUUACUUAGUUCACUGCAGACUUGACGAACCC,B,0.21,2.83,0.92907,0.12141,59,59,0.0,7.46021
4m59,2.46,protRNA,GUAUUCUUUAAUUAUUUC,D,0.29,34.33,0.86328,0.20422,18,18,0.0,12.12406
4nfq,1.7,naked,GCAGACUUAAGUCUGC,A,0.24,5.80,0.93181,0.09094,16,16,0.0,7.58300
4ngc,2.104,protRNA,GCGAAUUCGCUA,B,0.20,3.82,0.95642,0.10825,12,12,0.0,7.10567
4ngd,1.958,protRNA,GCGAAUUCGCUU,B,0.20,1.59,0.94975,0.10908,12,12,0.0,6.91417
4nlf,1.0,naked,UGCUCCUAGUACGAGAGGACXGGAGUG,A,0.12,1.11,0.99257,0.03804,28,27,0.0,3.57921
4n0t,1.7,protRNA,GGUCAAUUUGAAACAAUACAGAGAUGAUCAGCGGUUCCCCUGCAUAAGGAUGAACCGUUUUACAAAGAGACC,B,0.21,4.84,0.83409,0.16231,65,72,0.09722,8.73660
4oji,2.3,naked,CCGCCUAACACUGCCAAUGCCGGUCCCAAGCCCGGAUAAAAGUGGAGGGGGCGG,A,0.20,0.57,0.94954,0.12346,54,54,0.03704,7.46807
4oog,2.5,protRNA,CAUGUCAUGUCAUGAGUCCAUGGCAUGGCAUGGC,D,0.24,4.53,0.96203,0.14221,34,34,0.0,8.48791
4oo8,2.5,protRNA,GGAAAUUAGGUGCGCUUGGCGUUUUAGAGCUAGAAAUAGCAAGUUAAAAUAAGGCUAGUCCGUUAUCAACUUGAAAAAGUGGCACCGAGUCGGUGCUU,B,0.25,4.20,0.93000,0.18290,97,98,0.01020,9.27398
4o41,1.2,naked,UGAGCXCGGCUC,B,0.21,1.21,0.96820,0.07747,15,12,0.0,5.91463
4pcj,1.9,naked,CUGCUGGCUAAGGCAUGAAAGUGCUAUGCCUGCUG,A,0.27,0.00,0.95540,0.09831,35,35,0.0,7.90331
4pco,1.32,naked,GGUGGCUGUU,A,0.18,1.59,0.98510,0.06010,10,10,0.0,5.23950
4pkd,2.5,protRNA,GGAUCCAUUGCACUCCGGAUCCAGGAGAUACCAUGAUCACGAAGGUGGUUUUCCU,V,0.26,8.81,0.92547,0.15729,55,55,0.0,9.47505
4pqv,2.463,naked,GGGUCAGAUCGGCGAAAGUCGCCACUUCGCCGAGGAGUGCAAUCUGUGAGGCCCCAGGAGGACUGGGU,A,0.28,5.87,0.91788,0.13607,68,68,0.0,9.53903
4prf,2.395,protRNA,GAUGGCCGGCAUGGUCCCAGCCUCCUCGCUGGCGCCGGCUGGGCAACACCAUUGCACUCCGGUGGUGAAUGGGACU,B,0.25,0.77,0.86709,0.21951,74,76,0.02632,9.86313
4pr6,2.3,protRNA,GGCCGGCAUGGUCCCAGCCUCCUCGCUGGCGCCGGCUGGGCAACACCAUUGCACUCCGGUGGCGAAUGGGACGGCCGGCAUGGUCCCAGCCUCCUCGCUGGCGCCGGCUGGGCAACACCAUUGCACUCCGGUGGCGAAUGGGAC,B,0.24,0.75,0.88700,0.17759,74,144,0.50000,10.98226
4py5,2.1,protRNA,GAGUGCGACACCUGAUUCC,B,0.23,2.42,0.95879,0.10700,19,19,0.0,7.54668
4p5j,1.9912,naked,UUAGCUCGCCAGUUAGCGAGGUCUGUCUCGACACGACAGAUAAUCGGGUGCAACUCCCGCCCCUCUUCCGAGGGUCAUCGGAACCA,A,0.24,14.19,0.90432,0.17507,84,86,0.02326,9.27854
4p97,1.86,naked,CGAGAGGACGG,D,0.20,0.58,0.91155,0.12064,11,11,0.0,7.16173
4p97,1.86,naked,CGUCUACCCACCUCGC,A,0.20,0.58,0.93056,0.10775,16,16,0.0,6.90650
4qik,1.9,protRNA,ACAUGUUUUCUGUGAAAACGGAG,D,0.21,5.81,0.87383,0.16056,18,23,0.21739,9.13384
4qoz,2.304,protRNA,CCAAAGGCUCUUUUCAGAGCCACCCA,A,0.25,4.64,0.94458,0.12542,26,26,0.0,8.47877
4qu7,2.5,protRNA,AGGGAU,X,0.25,1.69,0.91167,0.13700,3,6,0.50000,10.88717
4qvi,1.9,protRNA,GGGAUGCGUAGGAUAGGUGGGAGCCUGUGAACCCCCGCCUCCGGGUGGGGGGGAGGCGCCGGUGAAAUACCACCCUUCCC,B,0.22,2.38,0.95141,0.11039,80,80,0.0,7.25080
4rbq,1.05,naked,AGAGAAGAAAGGGAAAUUUUUUUUUUUUUUUU,A,0.15,0.98,0.97869,0.06219,32,32,0.0,4.46700
4rj1,0.92,naked,UGGGGU,B,0.11,5.01,0.98733,0.06300,6,6,0.0,3.75583
4rkv,0.88,naked,UGGGGU,B,0.10,4.91,0.98050,0.07900,6,6,0.0,3.71350
4rmo,2.2,protRNA,AAGUUUACCACUGACCGAUAUGUGGUAUAUAAAUGGUCGGGUUGA,B,0.23,6.80,0.96160,0.11500,45,45,0.0,7.90720
4rwn,2.0,protRNA,GGCUUUUGACCUUUAUGAA,B,0.23,2.57,0.96047,0.10974,19,19,0.0,7.46261
4rwn,2.0,protRNA,UUCAUAAAGGUCAAAAGCC,C,0.23,2.57,0.96305,0.10842,19,19,0.0,7.43145
4rwp,2.25,protRNA,GGCUUUUGACCUUUAUGAA,B,0.23,3.10,0.95637,0.12400,19,19,0.0,7.88605
4r8i,2.05,protRNA,GCXCGUCCCUCXCCGGUGCXXGUGXXGCCGXGGCUCUGCG,B,0.25,1.68,0.95480,0.12613,40,40,0.0,8.00460
4s3n,2.0,protRNA,UUCAUAAAGGUCAAAAGCC,C,0.21,6.64,0.93421,0.13074,19,19,0.0,7.68421
4tzx,2.01,naked,GGGAAGAUAUAAUCCUAAUGAUAUGGUUUGGGAGUUUCUACCAAGAGCCUUAAACUCUUGAUUAUCUUCCC,X,0.26,4.82,0.90986,0.16193,71,71,0.0,8.94756
4u3l,1.482,naked,UCGUACGA,A,0.19,5.85,0.96700,0.08212,8,8,0.0,6.11350
4u3r,1.701,naked,UCGUACGA,A,0.20,0.00,0.96725,0.07262,8,8,0.0,6.14300
4u6k,1.5,naked,GAAGAAGAG,A,0.22,0.00,0.96544,0.07522,9,9,0.0,6.33822
4v9f,2.404,protRNA,ACUAUGCCAGCUGGUGGAUUGCUCGGCUCAGGCGCUGAUGAAGGACGUGCCAAGCUGCGAUAAGCUGUGGGGAGCCGCACGGAGGCGAAGAACCACAGAUUUCCGAAUGAGAAUCUCUCUAACAAUUGCUUCGCGCAAUGAGGAACCCCGAGAACUGAAACAUCUCAGUAUCGGGAGGAACAGAAAACGCAACGUGAUGUCGUUAGUAACCGCGAGUGAACGCGAUACAGCCCAAACCGAAGCCCUCACGGGCAAUGUGGUGUCAGGGCUACCUCUCAUCAGCCGACCGUCUUCACGAAGUCUCUUGGAAUAGAGCGUGAUACAGGGUGACAACCCCGUACUGAAGACCAGUACGCUGUGCGGUAGUGCCAGAGUAGCGGGGGUUGGAUAUCCCUCGCGAAUAACGCAGGCAUCGACUGCGAAGGCUAAACACAACCUGAGACCGAUAGUGAACAAGUAGUGUGAACGAACGCUGCAAAGUACCCUCAGAAGGGAGGCGAAAUAGAGCAUGAAAUCAGUUGGCGAUCGAGCGACAGGGCAUACAAGGUCCCUUGACGAAUGACCGAGACGCGAGUCUCCAGUAAGACUCACGGGAAGCCGAUGUUCUGUCGUACGUUUUGAAAAACGAGCCAGGGAGUGUGUCUGUAUGGCAAGUCUAACCGGAGUAUCCGGGGAGGCACAGGGAAACCGACAUGGCCGCAGGGCUUUGCCCGAGGGCCGCCGUCUUCAAGGGCGGGGAGCCAUGUGGACACGACCCGAAUCCGGACGAUCUACGCAUGGACAAGAUGAAGCGUGCCGAAAGGCACGUGGAAGUCUGUUAGAGUUGGUGUCCUACAAUACCCUCUCGUGAUCUAUGUGUAGGGGUGAAAGGCCCAUCGAGUCCGGCAACAGCUGGUUCCAAUCGAAACAUGUCGAAGCAUGACCUCCGCCGAGGUAGUCUGUGAGGUAGAGCGACCGAUUGGUGUGUCCGCCUCCGAGAGGAGUCGGCCCUCCUGUCAAACUCCAAACUUACAGACGCUGUUUGACGCGGGGAUUCCGGUGCGCGGGGUAAGCCUGUGUACCAGGAGGGGAACAACCCAGAGAUAGGUUAAGGUCCCCAAGUGUGGAUUAAGUGUAAUCCUCUGAAGGUGGUCUCGAGCCCUAGACAGCCGGGAGGUGAGCUUAGAAGCAGCUACCCUCUAAGAAAAGCGUAACAGCUUACCGGCCGAGGUUUGAGGCGCCCAAAAUGAUCGGGACUCAAAUCCACCACCGAGACCUGUCCGUACCACUCAUACUGGUAAUCGAGUAGAUUGGCGCUCUAAUUGGAUGGAAGCAGGGGCGAGAGCUCCUGUGGACCGAUUAGUGACGAAAAUCCUGGCCAUAGUAGCAGCGAUAGUCGGGUGAGAACCCCGACGGCCUAAUGGAUAAGGGUUCCUCAGCACUGCUGAUCAGCUGAGGGUUAGCCGGUCCUAAGUCUCACCGCAACUCGACUGAGACGAAAUGGGAAACAGGUUAAUAUUCCUGUGCCAUCAUGCAGUGAAAGUUGACGCCCUGGGGUCGAUCACGCCGGGCAUUCGCCCGGUCGAACCGUCCAACUCCGUGGAAGCCGUAAUGGCAGGAAGCGGACGAACGGCGGCAUAGGGAAACGUGAUUCAACCUGGGGCCCAUGAAAAGACGAGCAUGAUGUCCGUACCGAGAACCGACACAGGUGUCCAUGGCGGCGAAAGCCAAGGCCUGUCGGGAGCAACCAACGUUAGGGAAUUCGGCAAGUUAGUCCCGUACCUUCGGAAGAAGGGAUGCCUGCUCCGGAACGGAGCAGGUCGCAGUGACUCGGAAGCUCGGACUGUCUAGUAACAACAUAGGUGACCGCAAAUCCGCAAGGACUCGUACGGUCACUGAAUCCUGCCCAGUGCAGGUAUCUGAACACCUCGUACAAGAGGACGAAGGACCUGUCAACGGCGGGGGUAACUAUGACCCUCUUAAGGUAGCGUAGUACCUUGCCGCAUCAGUAGCGGCUUGCAUGAAUGGAUUAACCAGAGCUUCACUGUCCCAACGUUGGGCCCGGUGAACUGUACAUUCCAGUGCGGAGUCUGGAGACACCCAGGGGGAAGCGAAGACCCUAUGGAGCUUUACUGCAGGCUGUCGCUGAGACGUGGUCGCCGAUGUGCAGCAUAGGUAGGAGACACUACACAGGUACCCGCGCUAGCGGGCCACCGAGUCAACAGUGAAAUACUACCCGUCGGUGACUGCGACUCUCACUCCGGGAGGAGGACACCGAUAGCCGGGCAGUUUGACUGGGGCGGUACGCGCUCGAAAAGAUAUCGAGCGCGCCCUAUGGUCAUCUCAGCCGGGACAGAGACCCGGCGAAGAGUGCAAGAGCAAAAGAUGACUUGACAGUGUUCUUCCCAACGAGGAACGCUGACGCGAAAGCGUGGUCUAGCGAACCAAUUAGCCUGCUUGAUGCGGGCAAUUGAUGACAGAAAAGCUACCCUAGGGAUAACAGAGUCGUCACUCGCAAGAGCACAUAUCGACCGAGUGGCUUGCUACCUCGAUGUCGGUUCCCUCCAUCCUGCCCGUGCAGAAGCGGGCAAGGGUGAGGUUGUUCGCCUAUUAAAGGAGGUCGUGAGCUGGGUUUAGACCGUCGUGAGACAGGUCGGCUGCUAUCUACUGGGUGUGUAAUGGUGUCUGACAAGAACGACCGUAUAGUACGAGAGGAACUACGGUUGGUGGCCACUGGUGUACCGGUUGUUCGAGAGAGCACGUGCCGGGUAGCCACGCCACACGGGGUAAGAGCUGAACGCAUCUAAGCUCGAAACCCACUUGGAAAAGAGACACCGCCGAGGUCCCGCGUACAAGACGCGGUCGAUAGACUCGGGGUGUGCGCGUCGAGGUAACGAGACGUUAAGCCCACGAGCACUAACAGACCAAAGC,0,0.21,4.32,0.96071,0.16221,2808,2910,0.03505,8.14822
4v9f,2.404,protRNA,UUAGGCGGCCACAGCGGUGGGGUUGCCUCCCGUACCCAUCCCGAACACGGAAGAUAAGCCCACCAGCGUUCCAGGGAGUACUGGAGUGCGCGAGCCUCUGGGAAAUCCGGUUCGCCGCCACC,9,0.21,4.32,0.94858,0.14590,122,122,0.0,7.97456
4wal,2.2,protRNA,UAUACUAACAA,B,0.21,4.91,0.97378,0.10022,9,11,0.18182,7.96434
4wan,1.8,protRNA,UAUACUAACAA,B,0.21,13.44,0.96844,0.07644,9,11,0.18182,7.84328
4wfl,2.49,naked,GGCCGUGCUAAGCGGGGAGGUAGCGGUGCCCUGUACCUGCAAUCCGCUCUAGCAGGGCCGAAUCCCUUCUCGAGGUUCGGUAACGAAUCGACAGAAGGUGCACGGUC,A,0.21,1.40,0.95532,0.14846,107,107,0.0,7.88512
4w5o,1.802,protRNA,CAAUGUGAAAA,D,0.20,4.03,0.95710,0.09820,10,11,0.09091,7.09394
4w5o,1.802,protRNA,UUCACAUUGCCCAAGUCUCUU,B,0.20,4.03,0.92940,0.13635,20,21,0.04762,7.44758
4xnr,2.21,naked,GGGAAGAUAUAAUCCUAAUGAUAUGGUUUGGGAGUUUCUACCAAGAGCCUUAAACUCUUGAUUAUCUUCCC,X,0.22,0.88,0.91948,0.14676,71,71,0.0,8.03225
4xwf,1.8,naked,GGGUCGUGACUGGCGAACAGGUGGGAAACCACCGGGGAGCGACCCUUGCCGCCCGCCUGGGCAA,A,0.25,3.26,0.93400,0.11770,64,64,0.0,7.93263
4xw1,2.302,naked,GCCUGCCUG,C,0.19,3.50,0.94989,0.13833,9,9,0.0,7.40256
4x4t,2.5,protRNA,GGCCGCGGCAGGUUCGAAUCCUGCCGCGAUC,G,0.23,1.20,0.92672,0.18333,36,31,0.41935,10.43029
4yaz,2.0,naked,GGUACACGACAAUACUAAACCAUCCGCGAGGAUGGGGCGGAAAGCCUAAGGGUCUCCCUGAGACAGCCGGGCUGCCGAAAUAUC,R,0.25,4.65,0.93411,0.15801,84,84,0.0,8.52374
4ybb,2.1,protRNA,AAAUUGAAGAGUUUGAUCAUGGCUCAGAUUGAACGCUGGCGGCAGGCCUAACACAUGCAAGUCGAACGGUAACAGGAAGAAGCUUGCUUCUUUGCUGACGAGUGGCGGACGGGUGAGUAAUGUCUGGGAAACUGCCUGAUGGAGGGGGAUAACUACUGGAAACGGUAGCUAAUACCGCAUAACGUCGCAAGACCAAAGAGGGGGACCUUCGGGCCUCUUGCCAUCGGAUGUGCCCAGAUGGGAUUAGCUAGUAGGUGGGGUAACGGCUCACCUAGGCGACGAUCCCUAGCUGGUCUGAGAGGAUGACCAGCCACACUGGAACUGAGACACGGUCCAGACUCCUACGGGAGGCAGCAGUGGGGAAUAUUGCACAAUGGGCGCAAGCCUGAUGCAGCCAUGCCGCGUGUAUGAAGAAGGCCUUCGGGUUGUAAAGUACUUUCAGCGGGGAGGAAGGGAGUAAAGUUAAUACCUUUGCUCAUUGACGUUACCCGCAGAAGAAGCACCGGCUAACUCCGUGCCAGCAGCCGCGGUAAUACGGAGGGUGCAAGCGUUAAUCGGAAUUACUGGGCGUAAAGCGCACGCAGGCGGUUUGUUAAGUCAGAUGUGAAAUCCCCGGGCUCAACCUGGGAACUGCAUCUGAUACUGGCAAGCUUGAGUCUCGUAGAGGGGGGUAGAAUUCCAGGUGUAGCGGUGAAAUGCGUAGAGAUCUGGAGGAAUACCGGUGGCGAAGGCGGCCCCCUGGACGAAGACUGACGCUCAGGUGCGAAAGCGUGGGGAGCAAACAGGAUUAGAUACCCUGGUAGUCCACGCCGUAAACGAUGUCGACUUGGAGGUUGUGCCCUUGAGGCGUGGCUUCCGGAGCUAACGCGUUAAGUCGACCGCCUGGGGAGUACGGCCGCAAGGUUAAAACUCAAAUGAAUUGACGGGGGCCCGCACAAGCGGUGGAGCAUGUGGUUUAAUUCGAUGCAACGCGAAGAACCUUACCUGGUCUUGACAUCCACGGAAGUUUUCAGAGAUGAGAAUGUGCCUUCGGGAACCGUGAGACAGGUGCUGCAUGGCUGUCGUCAGCUCGUGUUGUGAAAUGUUGGGUUAAGUCCCGCAACGAGCGCAACCCUUAUCCUUUGUUGCCAGCGGUCCGGCCGGGAACUCAAAGGAGACUGCCAGUGAUAAACUGGAGGAAGGUGGGGAUGACGUCAAGUCAUCAUGGCCCUUACGACCAGGGCUACACACGUGCUACAAUGGCGCAUACAAAGAGAAGCGACCUCGCGAGAGCAAGCGGACCUCAUAAAGUGCGUCGUAGUCCGGAUUGGAGUCUGCAACUCGACUCCAUGAAGUCGGAAUCGCUAGUAAUCGUGGAUCAGAAUGCCACGGUGAAUACGUUCCCGGGCCUUGUACACACCGCCCGUCACACCAUGGGAGUGGGUUGCAAAAGAAGUAGGUAGCUUAACCUUCGGGAGGGCGCUUACCACUUUGUGAUUCAUGACUGGGGUGAAGUCGUAACAAGGUAACCGUAGGGGAACCUGCGGUUGGAUCA,AA,0.23,5.08,0.89548,0.18332,1534,1534,0.0,8.79670
4yb0,2.121,naked,GUACACGACAAUACUAAACCAUCCGCGAGGAUGGGGCGGAAAGCCUAAGGGUCUCCCUGAGACAGCCGGGCUGCCGAAAUAUC,R,0.26,4.66,0.89111,0.22267,83,83,0.0,9.68553
4yco,2.1,protRNA,GCGCGGAUAGCUCAGUCGGUAGAGCAGGGGAUUGAAAAUCCCCGUGUCCUUGGUUCGAUUCCGAGUCCGCGCACCA,D,0.22,2.56,0.91649,0.15032,74,76,0.02632,8.16398
4yn6,2.301,naked,UUGGGCCAGCAGCAGGUCC,B,0.26,3.24,0.90411,0.14921,19,19,0.0,9.10284
4yye,2.301,protRNA,GUUAUAUUAGCUUAAUUGGUAGAGCAUUCGUUUUGUAAUCGAAAGGUUUGGGGUUCAAAUCCCUAAUAUAACACCA,C,0.20,3.75,0.93939,0.13093,74,76,0.02632,7.72510
4y1j,2.24,naked,AAAGGGGAGUAGCGUCGGGAAACCGAAACAAAGUCGUCUAUUCGUGAGGAAACUCACCGGCUUUGUUGACAUACGAAAGUAUGUUUAGCAAGACCUUUCC,B,0.24,5.30,0.93860,0.13410,100,100,0.0,8.38900
4zld,1.6,protRNA,UAACUUCUGUGAAGUUG,B,0.18,4.18,0.97118,0.06559,17,17,0.0,5.80429
4zlr,2.3,protRNA,UUGUUGUUUUUUUUU,C,0.22,1.29,0.89650,0.20371,14,15,0.06667,9.04889
4z0c,2.3,protRNA,ACGGAAAGACCCC,C,0.24,4.37,0.95677,0.11677,13,13,0.0,8.11850
4z31,2.5,protRNA,AUGUUCUGUGAACAC,E,0.26,0.92,0.94000,0.16600,15,15,0.0,9.03400
4z4d,1.6,protRNA,UUCACAUUGCCCAAGUCUCUU,B,0.19,6.07,0.91775,0.13205,20,21,0.04762,7.22838
4z4e,1.8,protRNA,CAAUGUGAUAA,D,0.19,6.50,0.96533,0.08556,9,11,0.18182,7.23406
402d,2.3,naked,CGCCAGCG,A,0.26,5.81,0.92200,0.15737,8,8,0.0,9.15350
406d,1.8,naked,CACCGGAUGGUUCGGUG,A,0.29,10.05,0.93382,0.11171,17,17,0.0,8.94556
434d,1.16,naked,GGGGCUA,D,0.18,2.23,0.96800,0.06300,7,7,0.0,5.27150
437d,1.6,naked,GGCGCGGCACCGUCCGCGGAACAAACGG,A,0.25,1.04,0.95174,0.08823,31,28,0.0,7.24387
464d,1.23,naked,GGGGCUA,B,0.19,2.23,0.97800,0.06086,7,7,0.0,5.42436
5ah5,2.1,protRNA,GCCCGCAUGGUGAAAUCGGUAAACACAUCGCACUUAAAAUGCGCCGCCUCUGGCUUGCCGGUUCAAGUCCGGCUGCGGGCACCA,D,0.24,3.17,0.93891,0.13478,81,84,0.03571,8.28825
5aox,2.04,protRNA,GGCCGGGCGCGGUGGCUCACGCCUGUAAUCCCAGCACUUUGGGAGGCCGAGGCGGGAGGAUCGCGAACACGCGAGACCCCGUCUCUA,C,0.22,0.84,0.95320,0.11761,87,87,0.0,7.35731
5awh,2.0,protRNA,UUACAACCUACUACCUCG,C,0.23,5.60,0.97411,0.11439,18,18,0.0,7.54222
5axm,2.21,protRNA,GGGAUUUAGCUCAGUUGGGAGAGCGCCAGACUGAAGAUCUGGAGGUCCUGUGUUCGAUCCACAGAAUCCCCACCA,P,0.24,4.68,0.84677,0.21333,73,75,0.02667,9.80317
5bjo,2.35,naked,GGCGCGAGGAAGGAGGUCUGAGGAGGUCACUGCGCC,E,0.23,3.78,0.96133,0.12064,36,36,0.0,7.95344
5bz1,2.15,protRNA,UGUAUUUGUA,B,0.21,1.55,0.95791,0.09964,11,10,0.0,7.14132
5b2o,1.7,protRNA,GGGAAAUUAGGUGCGCUGGGGGUUUCAGUUGCGCCGAAAGGCGCUCUGUAAUCAUUUAAAAGUAUUUUGAACGGACCUCUGUUUGACACGUCUG,B,0.21,4.32,0.97293,0.09331,94,94,0.0,6.65906
5b2q,1.7,protRNA,GGGAAAUUAGGUGCGCUGGGGGUUUCAGUUGCGCCGAAAGGCGCUCUGUAAUCAUUUAAAAGUAUUUUGAACGGACCUCUGUUUGACACGUCUG,B,0.21,4.23,0.97143,0.09726,94,94,0.0,6.69814
5b2r,2.0,protRNA,GGAAAUUAGGUGCGCUUGGCGUUUUAGAGCUAGAAAUAGCAAGUUAAAAUAAGGCUAGUCCGUUAUCAACUUGAAAAAGUG,A,0.23,3.26,0.93635,0.13486,81,81,0.0,7.89115
5b2t,2.2,protRNA,GGAAAUUAGGUGCGCUUGGCGUUUUAGAGCUAGAAAUAGCAAGUUAAAAUAAGGCUAGUCCGUUAUCAACUUGAAAAAGUG,A,0.22,2.84,0.95896,0.12870,81,81,0.0,7.65993
5ccb,2.0,protRNA,GGCCCGGAUAGCUCAGUCGGUAGAGCAUCAGACUUUUAAUCUGAGGGUCCAGGGUUCAAGUCCCUGUUCGGGCGCCA,N,0.22,6.68,0.91968,0.12936,78,77,0.0,7.97144
5ccx,2.1,protRNA,GGCCCGGAUAGCUCAGUCGGUAGAGCAUCAGACUUUUAAUCUGAGGGUCCAGGGUUCAAGUCCCUGUUCGGGCGCCA,N,0.24,9.60,0.91109,0.14413,80,77,0.0,8.76430
5c5w,1.25,naked,CCUGAGUUCAAUUCUAGCG,A,0.19,1.43,0.96005,0.07814,22,19,0.0,5.68623
5da6,1.05,naked,AGAGAAGAAAGGGAAAUUUUUUUUUUUUUUUU,A,0.16,0.00,0.98106,0.07469,36,32,0.0,4.67911
5ddp,2.302,protRNA,CGUUGACCCAGGAAACUGGGCGGAAGUAAGGUCCAUUGCACUCCGGGCCUGAAGCAACGCG,A,0.24,5.53,0.96552,0.12451,61,61,0.0,8.16837
5ddq,2.4,protRNA,CGUUGACCCAGGAAACUGGGCGGAAGUAAGGUCCAUUGCACUCCGGGCCUGAAGCAACGCG,A,0.26,6.37,0.96341,0.13698,61,61,0.0,8.78709
5dhb,1.8,naked,NUGUACA,A,0.19,2.83,0.98043,0.05143,7,7,0.0,5.92950
5dhc,1.55,naked,NNAGACUUAAGUCU,C,0.20,1.42,0.97421,0.05086,14,14,0.0,5.83414
5do4,1.859,protRNA,GGGAAXAAAGXUGAAGUXXUUAXXX,A,0.22,4.48,0.95512,0.13648,25,25,0.0,7.49488
5d0a,2.1,protRNA,GCAGACUGUAAAUCUGC,F,0.23,3.59,0.87207,0.16600,14,17,0.17647,9.47681
5d5l,2.5,naked,GGAAGGCCGAAAGGUCUUCCACGACGAUACUUAUUUCCUUUGAUCGUCGUUAUUACUGGCUUCGGCCACAAAGGAGA,A,0.25,1.40,0.94662,0.17448,77,77,0.0,8.89286
5d8t,1.2,naked,CGAAXUCG,A,0.16,0.00,0.98738,0.05912,8,8,0.0,4.65400
5d99,0.97,naked,UGCUCCUAGUACGAGAGGACCGGAGUG,A,0.12,0.00,0.98384,0.05368,31,27,0.0,3.68871
5eeu,1.98,protRNA,GAGUUGAGUUGAGUUGAGUUGAGUUGAGUUGAGUUGAGUUGAGUUGAGUUGAGUU,W,0.23,3.29,0.91307,0.14711,44,55,0.20000,8.95686
5eev,1.98,protRNA,GAGUUGAGUUGAGUUGAGUUGAGUUGAGUUGAGUUGAGUUGAGUUGAGUUGAGUU,W,0.24,3.41,0.89168,0.15573,44,55,0.20000,9.38286
5eim,1.54,protRNA,AUUAAACA,C,0.22,5.15,0.95300,0.09875,8,8,0.0,6.92350
5emf,1.14,naked,GCUGCUGC,A,0.15,2.94,0.98975,0.05708,12,8,0.0,4.52567
5ew4,1.47,naked,CCCCGGCCCCGGCCCCGGCCCC,A,0.24,2.38,0.93765,0.10545,20,22,0.09091,7.61504
5ew7,1.75,naked,CCCCGGCCCCGGCCCCGGCCCC,A,0.26,0.00,0.91990,0.11065,20,22,0.09091,8.31964
5e08,2.38,protRNA,GUAUGCAUAGGC,N,0.23,6.25,0.95158,0.18175,12,12,0.0,8.67383
5fjc,1.71,naked,GGCUUAUCAAGAGAGGGGGAGUGACUGGCGCGAAGAACCCCGGCAACCAGAAAUGGUGCCAAUUCCUGCAGCGGAAACGUUGAAAGAUGAGCCG,A,0.24,5.26,0.94432,0.09918,97,94,0.0,7.53185
5fq5,2.136,protRNA,GGAUAACUCAAUUUGUAAAAAAGUUUUAGAGCUAGAAAUAGCAAGUUAAAAUAAGGCUAGUCCGUUAUCAACUUGAAAAAGUGA,A,0.22,4.74,0.92170,0.15943,83,84,0.01190,8.28648
5f0q,2.21,protRNA,GGCGGC,C,0.26,13.74,0.97083,0.11183,6,6,0.0,8.70500
5f5h,2.23,protRNA,UCCACACCGUUCUAGGUGCUGG,C,0.26,1.13,0.94433,0.12514,21,22,0.04545,8.59478
5f8n,2.484,protRNA,UGUUCGACGAGAGAGACCU,C,0.23,5.24,0.93125,0.17400,8,19,0.57895,11.13980
5gjb,1.702,protRNA,AGAUCAA,B,0.20,5.49,0.97460,0.07660,5,7,0.28571,7.53334
5guh,2.4,protRNA,UAUUUAAAAAAAAAAAAAAAAAAAAUUU,B,0.24,5.77,0.92475,0.21037,8,28,0.71429,12.15066
5gxi,1.85,protRNA,AAUUUUUGAG,B,0.21,1.72,0.82740,0.24960,5,10,0.50000,11.09360
5hbx,1.7,naked,NNAGACUUAAGUCU,C,0.25,1.47,0.95893,0.06529,14,14,0.0,7.12436
5hby,1.18,naked,NNNGACUUAAGUC,A,0.17,0.00,0.97215,0.07008,13,13,0.0,5.02338
5hjz,1.976,protRNA,CAUCUACCUGA,C,0.23,4.33,0.94250,0.10725,4,11,0.63636,10.19994
5hkc,1.68,protRNA,GUCUCCUA,C,0.23,5.10,0.89850,0.11600,2,8,0.75000,10.81500
5hk0,2.25,protRNA,AGUCUCCUUUC,E,0.26,11.80,0.92320,0.12600,5,11,0.54545,11.32420
5hnj,1.24,naked,GUAXGUAC,C,0.15,0.00,0.98337,0.04850,8,8,0.0,4.46100
5hn2,1.5,naked,GUAXGUAC,B,0.14,0.00,0.98478,0.04667,9,8,0.0,4.51511
5ho4,1.85,protRNA,AAGGACUAGC,B,0.22,2.21,0.92190,0.13000,10,10,0.0,7.58530
5hr7,2.4,protRNA,GUCCCCUUCGUCUAGAGGCCCAGGACACCGCCCUUUCACGGCGGUAACAGGGGUUCGAAUCCCCUAGGGGACGCCA,D,0.25,1.43,0.92926,0.14727,70,76,0.07895,9.03141
5h1k,1.9,protRNA,GCAAUUUUUGACA,C,0.21,4.37,0.97131,0.08131,13,13,0.0,6.77850
5h3u,2.499,protRNA,AAUUUUUGAC,C,0.26,17.53,0.90657,0.17814,7,10,0.30000,11.42907
5h9f,2.45,protRNA,AUAAACCGACGGUAUUGUUCAGAUCCUGGCUUGCCAACAGGAGUUCCCCGCGCCAGCGGGX,L,0.23,6.28,0.92267,0.17777,61,61,0.0,8.94479
5id6,2.382,protRNA,AAUUUCUACUAAGUGUAGAUC,G,0.26,11.79,0.97690,0.18067,21,21,0.0,9.27960
5i4a,1.949,protRNA,UAUACAACCUACUACCUCAUU,D,0.24,8.21,0.86892,0.14023,13,21,0.38095,10.37476
5i9f,2.194,protRNA,GGGGUUUUUUUUUUCCCC,F,0.30,11.14,0.94764,0.15227,11,18,0.38889,11.33965
5i9g,2.288,protRNA,GGGGUUUUCCUUUUCCCC,A,0.25,9.93,0.95200,0.12517,12,18,0.33333,10.00515
5jaj,1.5,protRNA,GGUACGUACCC,X,0.17,3.78,0.97154,0.08354,13,11,0.0,5.64500
5jbg,2.0,protRNA,GGAGCGUGCCGUACGGCACGCUCCGG,X,0.26,1.57,0.94157,0.12600,23,26,0.11538,8.69550
5jb2,2.2,protRNA,GGUACGUACC,Y,0.24,1.67,0.95540,0.11940,10,10,0.0,7.91550
5js1,2.499,protRNA,UUAUCUAUAAUGAUCAGGUAA,B,0.25,5.57,0.91950,0.19330,10,21,0.52381,11.56414
5kla,1.14,protRNA,UGUACAUA,B,0.17,1.87,0.97537,0.06463,8,8,0.0,5.00750
5kpy,2.0,naked,GGACACUGAUGAUCGCGUGGAUAUGGCACGCAUUGAAUUGUUGGACACCGUAAAUGUCCUAACACGUGUCC,A,0.26,8.39,0.80538,0.20597,71,71,0.0,10.30423
5k8h,1.069,naked,AAAAAAA,A,0.11,0.00,0.97750,0.05100,2,7,0.71429,6.49516
5lqt,1.5,naked,GCCGGACGGC,A,0.23,19.52,0.93350,0.09080,10,10,0.0,7.87440
5lr3,1.65,naked,GCCGGAUGGC,A,0.27,1.52,0.93110,0.10270,10,10,0.0,7.95880
5lr5,2.4,naked,GGACUAGUCC,D,0.29,23.77,0.94770,0.10620,10,10,0.0,10.07650
5lys,2.32,naked,GGGAUCUGUCACCCCAUUGAUCGCCUUCGGGCUGAUCUGGCUGGCUAGGCGGGUCCC,B,0.23,2.17,0.94230,0.15798,60,57,0.0,8.29397
5lyu,2.2,naked,GGGGAUCUGUCACCCCAUUGAUCGCCUUCGGGCUGAUCUGGCUGGCUAGGCGGGUCCC,B,0.24,2.48,0.94298,0.15608,61,58,0.0,8.34879
5l2l,1.55,protRNA,AAAAAAAAAAAG,D,0.15,0.49,0.95200,0.09617,12,12,0.08333,5.76115
5mfx,1.598,protRNA,AGACUCCAU,B,0.19,0.44,0.97360,0.06040,5,9,0.44444,7.51416
5mwi,1.51,naked,GCUGCUGCUGCUGCUGCUGCUGCUGC,A,0.26,6.71,0.97050,0.10046,28,26,0.0,7.56521
5m0i,2.41,protRNA,GAUAACUGAAUCGAAAGACAUUAUCACG,E,0.23,2.18,0.96529,0.13436,28,28,0.0,8.01157
5m3h,2.5,protRNA,UAUACCUCUGCUUCUGCU,R,0.24,1.63,0.92431,0.17254,13,18,0.27778,9.99847
5ndh,1.81,naked,GCGGGGACGACCCCGC,B,0.22,1.88,0.96475,0.12200,16,16,0.0,7.12200
5ns3,2.4,protRNA,XCGCACCUGACCCCAUGCCGAACUCAGAAGUGCG,C,0.27,3.62,0.92647,0.14500,34,34,0.0,9.18924
5ns4,2.4,protRNA,UGCACCUGACCCCAUGCCGAACUCAGAAGUGCA,C,0.28,4.04,0.94144,0.14044,32,33,0.03030,9.35520
5nwq,1.91,naked,CCGGACGAGGUGCGCCGUACCCGGUCAGGACAAGACGGCGC,A,0.22,2.60,0.95049,0.13273,41,41,0.0,7.45795
5nxt,1.379,naked,UGUUCUCUACGAAGAACA,U,0.15,0.00,0.98678,0.05928,18,18,0.0,4.66000
5ny8,2.04,naked,CCGGACGAGGUGCGCCGUACCCGGUCAGGACAAGACGGCGC,A,0.23,1.49,0.93000,0.16190,41,41,0.0,8.10972
5ob3,2.004,naked,GGGAGUACGGUGAGGGUCGGGUCCAGUAGGUACGCCUACUGUUGAGUAGAGUGUGGGCUCCGUACUCCC,A,0.22,10.44,0.89032,0.16935,69,69,0.0,8.71423
5swm,1.5,protRNA,XXXXXXUXXUUX,C,0.18,16.57,0.93458,0.13300,36,12,0.0,7.15583
5tdj,1.5,naked,CCGGCGCCGG,A,0.17,4.62,0.97880,0.07350,10,10,0.0,5.54860
5tf6,2.3,protRNA,GGUCAAUUUGAAACAAUACAGAGAUGAUCAGCAGUUCCCCUGCAUAAGGAUGAACCGUUUUACAAAGAGACC,B,0.23,5.65,0.87131,0.19382,71,72,0.01389,9.35812
5tgp,1.6,naked,GTGTACAC,A,0.21,1.99,0.95513,0.07138,8,8,0.0,6.40950
5the,2.097,protRNA,UAAAAAAA,H,0.21,5.02,0.94487,0.12587,8,8,0.0,7.57900
5tsn,2.1,protRNA,UACCCGGG,P,0.22,3.72,0.96737,0.11475,8,8,0.0,7.42500
5t3k,2.142,naked,CAGCGXCACACCACCC,B,0.25,3.30,0.96244,0.10188,16,16,0.0,7.92050
5t3k,2.142,naked,GGUGGUGAAGUCGCUGG,A,0.25,3.30,0.96247,0.11276,17,17,0.0,8.00735
5udz,2.0,protRNA,GGGGUAGUGAUUUUACCCUGGAGAU,W,0.20,2.27,0.95748,0.10535,23,25,0.08000,7.21646
5ud5,2.347,protRNA,GGAAACCUGAUCAUGUAGAUCGAAUGGACUCUAAAUCCGUUCAGCCGGGUUAGAUUCCCGGGGUUUCCGCCA,C,0.24,5.96,0.91964,0.13959,70,72,0.02778,8.83866
5ued,1.5,naked,NNNGACUUAAGUCG,A,0.23,1.99,0.96671,0.07657,14,14,0.0,6.61836
5uz6,2.1,naked,GAGGUGNNGAGCGCGAAAGCGCUCG,A,0.27,0.00,0.95844,0.11472,25,25,0.0,8.21024
5uz6,2.1,naked,XCACCUCA,F,0.27,0.00,0.95688,0.11613,8,8,0.0,8.23400
5u3g,2.3,naked,GGUGACUAGGGUUCCGGCGAAAGCCGGUCCGAGAGUUACCGACCGCCGAAAGGCGGUUACACGGCGGGAAAAAAGCCCGGGAGGA,B,0.21,5.33,0.91381,0.16548,85,85,0.0,8.35986
5vaj,1.95,protRNA,GACACCUGAXC,C,0.22,3.95,0.96873,0.08400,11,11,0.0,7.02968
5vgw,2.42,naked,CUGCUGGCUAAGGCCCGAAAGG,A,0.21,5.32,0.96227,0.10827,22,22,0.0,7.63400
5vgw,2.42,naked,GCUAUGCCUGCUG,B,0.21,5.32,0.95662,0.11223,13,13,0.0,7.71092
5vj9,1.57,naked,GCGGGGACGACCCUGC,C,0.23,4.39,0.96994,0.06175,16,16,0.0,6.66400
5voe,2.0,protRNA,GAGAGCCCCAGCGAGAUAAUACUUGGCCCCGCUCUU,A,0.25,12.26,0.87850,0.16864,36,36,0.0,9.43411
5vof,2.25,protRNA,GAGAGCCCCAGCGAGAUAAUACUUGGCCCCGCUCUU,A,0.25,10.34,0.82781,0.23758,36,36,0.0,10.54522
5v0k,1.6,naked,NNNGACUUAAGUC,A,0.23,0.00,0.96885,0.06754,13,13,0.0,6.52954
5v3f,1.7,naked,GUGCGAAGGGACGGUGCGGAGAGGAGAGCAC,A,0.20,1.13,0.94700,0.08371,31,31,0.0,6.45018
5wlh,1.80001033182,protRNA,AGAAGAUAGCCCAAGAAAGAGGGCAAUAACCAGAUAUAGCCUGGUGGUUCAGGC,B,0.22,4.11,0.95935,0.10493,43,54,0.20370,7.94495
5wwf,2.15,protRNA,AAGGACGAGC,B,0.26,5.76,0.94770,0.11940,10,10,0.0,8.49160
5www,1.798,protRNA,GUUUAG,B,0.21,1.74,0.95050,0.11167,6,6,0.0,6.95633
5wzj,2.101,protRNA,GGAUUUGACGG,B,0.20,1.39,0.93791,0.10609,11,11,0.0,7.11495
5w0o,2.488,protRNA,GCGAAGCGCUUCGCU,C,0.25,8.85,0.94060,0.16640,15,15,0.0,9.23890
5w1h,1.99,protRNA,AAGAUAGCCCAAGAAAGAGGGCAAUAACCAGAUAUAGCCUGGUGGUUCAGGC,B,0.22,3.52,0.95917,0.12581,42,52,0.19231,8.22838
5w3v,2.243,protRNA,AACCCGGGGA,H,0.22,4.69,0.95970,0.14580,10,10,0.0,7.92330
5xh6,2.0,protRNA,AAUUUCUACUCUUGUAGAUGGAAAUUAGGUGCGCUUGGCAACC,B,0.21,2.64,0.97810,0.12553,40,43,0.06977,7.37048
5xh7,2.0,protRNA,AAUUUCUACUCUUGUAGAUGGAAAUUAGGUGCGCUUGGCAACC,B,0.21,2.35,0.97640,0.12215,40,43,0.06977,7.34258
5xtm,2.1,protRNA,GGUAUGGGAUGAAAGCGGUGAAGGGAAACCGAGUUAACCCCUAAGCC,D,0.22,3.75,0.96364,0.09983,47,47,0.0,7.33703
5xut,2.4,protRNA,AAUUUCUACUAAGUGUAGAUGGAAAUUAGGUGCGCUUGGC,B,0.24,4.79,0.97800,0.15377,40,40,0.0,8.36570
5xuz,2.4,protRNA,AAUUUCUACUAAGUGUAGAUGGAAAUUAGGUGCGCUUGGC,B,0.23,4.74,0.98042,0.15313,40,40,0.0,8.15860
5x2g,2.4,protRNA,GGAAAUUAGGUGCGCUUGGCGUUUUAGUCCCUGAAAAGGGACUAAAAUAAAGAGUUUGCGGGACUCUGCGGGGUUACAAUCCCCUAAAACCGC,B,0.22,2.26,0.96528,0.13499,93,93,0.0,7.83068
5x2h,2.3,protRNA,GGAAAUUAGGUGCGCUUGGCGUUUUAGUCCCUGAAAAGGGACUAAAAUAAAGAGUUUGCGGGACUCUGCGGGGUUACAAUCCCCUAAAACCGC,B,0.23,3.08,0.96200,0.12576,93,93,0.0,7.90411
5yki,2.25,protRNA,UGUUGUAUA,C,0.24,3.07,0.93100,0.13933,9,9,0.0,8.39017
5y6z,2.5,protRNA,GGGAGAUGAAAGUCUCCAGGUCUCUCGUCGAAA,F,0.26,5.75,0.91317,0.16961,18,33,0.45455,11.33726
5y85,2.001,naked,ACCCGCAAGGCCGACGGC,A,0.24,0.45,0.95167,0.12194,18,18,0.0,7.70472
5y87,2.132,naked,ACCCGCAAGGCCGACGGC,C,0.26,2.04,0.93256,0.14744,18,18,0.0,8.63111
5zc9,2.0,protRNA,AGAGAGAGAG,B,0.23,3.23,0.95640,0.11690,10,10,0.0,7.58550
5zeg,2.4,naked,UUGCGUCACGUCGACGAAGUCGC,A,0.22,2.71,0.95335,0.14861,23,23,0.0,8.05759
5zq0,2.0,protRNA,GUXGAAAA,B,0.20,1.57,0.94350,0.18738,8,8,0.0,7.62950
5zq8,2.18,protRNA,CCGUXGAAAAGG,D,0.30,6.40,0.95700,0.10417,12,12,0.0,9.07733
5zse,2.201,protRNA,GGUCCC,C,0.23,5.06,0.90900,0.14500,5,6,0.16667,9.14768
5zw4,1.7,protRNA,CCUGCUUUGCACGCAGG,D,0.22,7.26,0.69119,0.34687,16,17,0.05882,11.50378
5z1i,1.903,naked,GCGUCGCGCCGGCGAAGUCGC,A,0.22,4.21,0.94071,0.11710,21,21,0.0,7.48155
5z98,2.2,protRNA,AUACCCGGCA,D,0.32,10.36,0.91710,0.15440,10,10,0.0,10.37640
5z98,2.2,protRNA,CUGCCGGGUA,C,0.32,10.36,0.90160,0.15050,10,10,0.0,10.46920
6ar5,2.413,naked,UGUUGCCUGGAGAC,B,0.21,1.17,0.96221,0.14171,14,14,0.0,7.68450
6bgb,1.65,naked,GCAGXCUUAAGUCUGC,B,0.26,3.91,0.95050,0.07662,16,16,0.0,7.53450
6bjg,2.29,protRNA,CGUACGCGGAAUACUUCGAUU,D,0.26,2.39,0.89757,0.17076,21,21,0.0,9.27502
6bjg,2.29,protRNA,UCGAAGUAUUCCGCGUACGUU,C,0.26,2.39,0.89005,0.19757,21,21,0.0,9.54969
6bsg,2.44,protRNA,GANGGCCACAAUAACUAGUGGCAUA,R,0.22,6.30,0.92792,0.15128,25,25,0.0,8.50188
6b14,1.64,protRNA,GACGCGACCGAAAUGGUGAAGGACGGGUCCAGUGCGAAACACGCACUGUUGAGUAGAGUGUGAGCUCCGUAACUGGUCGCGUC,R,0.23,2.38,0.83034,0.17845,83,83,0.0,8.68387
6cb3,1.891,naked,GAAAGGGGAGUAGCGUCGGGAAACCGAAACAAAGUCGUCAAUUCGUGAGGAAACUCACCGGCUUUGUUGACAUACGAAAGUAUGUUUAGCAAGACCUUUCC,B,0.17,8.58,0.96410,0.08276,99,101,0.01980,6.40745
6ck5,2.49,naked,GUGAAAGUGUACCUAGGGUUCCAGCCUAUUUGUAGGUGUUCGGACCGAGCGGUACAGGUAUAUUUUUAUAUACCACACCUUAGGGACAAAAGCCCGGGAGGAUAGGUUUCACUCGUA,A,0.25,3.86,0.91047,0.12941,108,117,0.07692,9.24216
6cmn,1.796,protRNA,GCAGAUCUGAGCCUGGGAGCUCUCUGC,D,0.22,0.00,0.94807,0.11596,27,27,0.0,7.10311
6db8,1.86541345549,protRNA,GGAUGCGCCUUGAAAAGCCUGCGAAACACGCAGCUGGUGAAUGACAGCUAUGGCGCAUCC,R,0.23,4.13,0.86558,0.14535,60,60,0.0,8.45463
6db9,2.025,protRNA,GGAUGCGCCUUGAAAAGCCUGCGAAACACGCAGCUGGUGAAUGACAGCUAUGGCGCAUCC,R,0.26,6.01,0.94600,0.12108,60,60,0.0,8.40117
6dcb,1.998,protRNA,GGAUGUGAGGCUUCGGCCUCACCGCUCCAUGUGCGA,B,0.18,0.83,0.90406,0.15958,36,36,0.0,7.32572
6dcc,2.1,protRNA,XGAUGUGAGGCUUCGGCCUCACCGCUCCAUGUGCGA,B,0.20,1.71,0.87853,0.17503,36,36,0.0,8.15750
6dcl,2.497,protRNA,AGUAGAUUAGCA,C,0.23,2.85,0.94955,0.16273,11,12,0.08333,8.82127
6doy,1.45,protRNA,ACAUCG,B,0.19,7.27,0.94617,0.08533,6,6,0.0,6.34683
6dtd,1.65,protRNA,UGUUGCAUCUGCCUUCUUUUUGAAAGGUAAAAACAAC,C,0.18,4.40,0.98311,0.08592,37,37,0.0,5.93249
6du4,1.7,protRNA,GGUUGGCGUAGGCUACAGAGAAGCCAACC,B,0.17,4.78,0.93431,0.12400,29,29,0.0,6.51652
6d12,2.205,protRNA,GGGCUGCAUGUGGCAGCUCGGGCUGCAUGUGGCAGCUC,C,0.27,9.96,0.75747,0.20439,38,38,0.0,11.14337
6d8p,2.1,protRNA,UUACUGCACAGGUGACGA,E,0.23,5.37,0.96939,0.11417,18,18,0.0,7.66672
6d92,1.81,protRNA,UUACUGCACAGGUGACGA,C,0.24,5.15,0.96494,0.11678,18,18,0.0,7.60217
6een,2.01,protRNA,CCCCCCCCC,I,0.25,13.14,0.98411,0.08611,9,9,0.0,7.98300
6een,2.01,protRNA,GGGGGGGGG,F,0.25,13.14,0.98578,0.09767,9,9,0.0,8.06211
6e1s,1.8,naked,CUGGGUCGCAGUNNCCCCAGUUAACAAAACAAG,A,0.20,0.96,0.95673,0.10042,33,33,0.0,6.59758
6e1t,1.8,naked,CUGGGUCGCAGUNNNCCCAGUUAACAAAACAAG,A,0.20,2.80,0.97655,0.09003,33,33,0.0,6.44788
6e8s,2.35,naked,GCUACGAAGGAAGGAUUGGUAUGUGGUAUAUUCGUAGC,B,0.21,10.57,0.95700,0.14824,38,38,0.0,8.18839
6e8u,1.55,naked,GUACGAAGGAAGGUUUGGUAUGGGGUAGUUGUCGUAC,B,0.21,2.36,0.95032,0.08921,38,37,0.0,6.55916
6fpq,1.42,protRNA,UUAAACC,B,0.17,5.17,0.96114,0.10086,7,7,0.0,5.85621
6fpx,1.97,protRNA,CUUUAAACCUA,B,0.23,7.15,0.95420,0.12210,10,11,0.09091,8.17434
6fql,2.349,protRNA,UGCAUUUAAUGCA,B,0.21,2.21,0.96569,0.12292,13,13,0.0,7.49835
6fq3,1.901,protRNA,GGAGUCCAACUCC,B,0.18,1.89,0.96992,0.09100,13,13,0.0,6.20312
6fz0,2.499,naked,AGGCGCAUUUGAACUGUAUUGUACGCCUUGCAUAAAGCAAAAGUACUAAAAAA,A,0.27,7.58,0.89373,0.19740,48,53,0.09434,10.54569
6f4g,1.9,protRNA,GCGGCCGUAUUGCAGUACCGCGGCC,C,0.22,3.04,0.94688,0.11900,25,25,0.0,7.38896
6f4h,2.0,protRNA,GGCCGCAUUGCACCUCGCGGCC,D,0.21,3.58,0.88745,0.17186,22,22,0.0,8.23427
6gd2,1.9,protRNA,AUUUUUAUUUUAUUU,D,0.25,6.86,0.93786,0.10357,7,15,0.53333,10.20203
6g3b,1.8,protRNA,GUAGGACCAUG,C,0.20,1.70,0.84364,0.17191,22,11,0.0,8.11118
6hau,1.86,protRNA,CACCUAUGGAUUUUGUG,D,0.20,2.27,0.76767,0.18667,6,17,0.64706,11.51374
6hbx,1.54,naked,GGUGGGGACGACCCCACC,A,0.23,0.00,0.96111,0.07656,18,18,0.0,6.60356
6hc5,1.413,naked,GGUGGGGACGACCCCACC,A,0.20,0.00,0.95894,0.09961,18,18,0.0,6.13533
6hu6,1.904,naked,CUGGUACUC,F,0.25,1.09,0.89000,0.19756,9,9,0.0,8.91494
6hu6,1.904,naked,GAGGCAGUUUCUGGUACUC,E,0.25,1.09,0.78753,0.21811,19,19,0.0,9.89913
6hu6,1.904,naked,GAGUGCCAGAAGCUGCCUC,A,0.25,1.09,0.78089,0.21174,19,19,0.0,9.90124
6hu6,1.904,naked,GAGUGCCAGA,B,0.25,1.09,0.87940,0.19490,10,10,0.0,8.97850
6h0r,1.73,naked,ACAUGCACAUGCAAUUUGUGUAUGUGUAUGU,A,0.24,2.56,0.94403,0.10210,31,31,0.0,7.44252
6h9h,1.75,protRNA,CUCGGUGUUCCCCGCGCAUCGCGGGX,D,0.24,2.82,0.92209,0.10965,23,26,0.11538,8.17304
6h9i,2.29,protRNA,UCGGUGUUCCCCGCGCAUCGCGGGX,C,0.25,7.20,0.93092,0.16532,25,25,0.0,9.02520
6ia2,2.27,naked,AGAGAACCCGGAGUUCCCU,A,0.25,3.77,0.95005,0.14181,21,19,0.0,8.49260
6iv8,2.15,protRNA,CACUGGUGCAAAUUUGCACUAGUCUAAAACUCCUCGAUUACAUACACAAAG,B,0.21,14.33,0.85490,0.17996,51,51,0.0,9.24697
6iv9,1.86,protRNA,CACUGGUGCAAAUUUGCACUAGUCUAAAACUCCUCGAUUACAUACACAAA,B,0.20,4.90,0.94484,0.11616,50,50,0.0,7.07556
6jq5,2.059,naked,UUACUGUGAGAAUCAGUAACAAACAUGUGGGGCUUAUAUCUAAUCGAAAGAUUAGUAUUAGUGCAGACGUUAAAACCAUGUC,B,0.23,4.38,0.92271,0.20252,82,82,0.01220,8.70634
6jvx,2.301,protRNA,UGUGUGUGUGUG,B,0.22,1.26,0.85213,0.22737,8,12,0.33333,10.65832
6kwq,1.76,protRNA,GGGAGAUGAAAGUCUCCAGGUCUCUCGGAAA,B,0.21,1.95,0.90394,0.15635,31,31,0.0,7.65685
6kwq,1.76,protRNA,UGUUCCGAGAGA,C,0.21,1.95,0.93500,0.12882,11,12,0.08333,7.52137
6kwr,2.5,protRNA,GGGAGAUGAAAGUCUCCAGGUCUCUCGGAAA,B,0.26,10.01,0.88261,0.24879,28,31,0.09677,10.99701
6lse,2.25,protRNA,GGGAGAUGAAAGUCUCCAGGUCUCUCUCGUCGAAA,B,0.24,2.93,0.95775,0.12162,8,35,0.77143,11.11322
6lse,2.25,protRNA,UGUUCGACGAGAGAGACCU,C,0.24,2.93,0.90588,0.19850,16,19,0.57895,11.37330
6lsg,2.14,protRNA,GGGAGAUGAAAGUCUCCAGGUCUCUCUCGUCGAAA,B,0.22,2.33,0.94060,0.14030,10,35,0.71429,10.67126
6mfn,2.5,protRNA,CUGGAACUUAAAUCUGUGAUAA,E,0.25,5.33,0.86210,0.21620,10,22,0.54545,12.28110
6mfn,2.5,protRNA,UUCACAGUGGCUAAGUUCCGC,C,0.25,5.33,0.90656,0.16978,9,21,0.57143,11.65800
6m6s,1.6,protRNA,GGCGCGCGCGCC,C,0.20,6.02,0.93585,0.12054,13,12,0.0,6.97854
6oon,1.9,protRNA,AAAAAAAAAAUU,B,0.20,5.06,0.88800,0.17758,12,12,0.0,8.06967
6ozp,1.96,protRNA,UAUGCAUGCAUU,C,0.20,4.42,0.96675,0.10200,12,12,0.0,6.86300
6ozs,2.41,protRNA,UAUGCAUGCAUU,D,0.24,6.37,0.95825,0.14508,12,12,0.0,8.54317
6qn3,2.3,naked,CGUUCACCCUUCGGGGCGCAUGAAAUGGGAGUAGGGAACGGGAUUCUCAU,B,0.29,11.64,0.87990,0.19338,50,50,0.0,10.60984
6q8u,1.99,protRNA,CGGCGAAGAACCGGGGAGCCG,B,0.23,3.69,0.91914,0.16990,21,21,0.0,8.32060
6q8v,2.09,naked,GGCGAAGAACCGGGGAGCC,A,0.21,4.77,0.92021,0.12895,19,19,0.0,7.77839
6ra4,1.9,protRNA,CGUGACUCU,M,0.27,4.95,0.94811,0.13222,9,9,0.0,8.48039
6rti,2.2,protRNA,GGGAXXGAAAAAGAXXUGAXUUXUAUAXUAAGUXUAXGUUXXX,X,0.22,3.05,0.96109,0.11661,46,43,0.0,7.55667
6sqn,2.05,protRNA,AAUCCAUUGCACUCCGGAUUU,Y,0.25,3.83,0.95200,0.10771,17,21,0.19048,8.74907
6sqq,2.37,protRNA,AAUCCAUUGCACUCCGGAUUU,XXX,0.29,4.70,0.94806,0.12144,16,21,0.23810,10.16440
6sx0,1.75,protRNA,GGUAACUGUUACAGUUACC,D,0.20,7.50,0.93374,0.12095,19,19,0.0,7.22268
6sx2,1.9,protRNA,GGUAACUGUUACAGUUACC,C,0.19,2.22,0.95084,0.14821,19,19,0.0,7.00995
6tfg,2.45,naked,GGCUUCAACAACCCCGUAGGUUGGGCCGAAAGGCAGCGAAUCUACUGGAGCC,A,0.23,0.00,0.95954,0.13367,52,52,0.0,7.98308
6tqa,2.4,protRNA,GGUGCCUAAUAUUUAGGCACC,E,0.26,9.28,0.95424,0.11562,21,21,0.0,8.83505
6tqb,1.6,protRNA,GGAAAUUAUAUUAAUUUCC,B,0.20,14.00,0.93557,0.12236,28,19,0.0,7.39429
6ugg,1.95,naked,GGAGCGGUAGUUCAGUCGGUUAGAAUACCUGCCUGUCACGCAGGGGGUCGCGGGUUCGAGUCCCGUCCGUUCCGCCA,B,0.24,1.21,0.91660,0.11719,77,77,0.0,7.93528
6ugi,1.75,naked,GGAGCGGGCGGGUUCGAGUCCCGUCCGUUCC,A,0.26,1.00,0.88265,0.15735,31,31,0.0,8.67768
6ugj,1.6,naked,GGAGCGGGCGGGUUCGAGUCCCGUCCGUUCC,A,0.27,1.08,0.91339,0.12346,28,31,0.09677,8.58165
6uv2,1.894,protRNA,CACACACCUG,C,0.19,2.38,0.92938,0.13762,8,10,0.20000,7.89500
6uv3,1.597,protRNA,ACACACCUGG,B,0.20,4.39,0.89114,0.14586,7,10,0.30000,8.65721
6uv4,1.7,protRNA,AUUCAUCCAA,C,0.20,3.54,0.93757,0.09900,7,10,0.30000,7.96843
6u8d,1.807,protRNA,GGGUCUCGCGGAACCGGUGAGUACACCGGAAUCCAGGAAACUGGAUUUGGGCGUGCCCCCGCGAGACC,A,0.21,1.02,0.95510,0.09109,68,68,0.0,6.72888
6vem,1.56,naked,CCCCXGGG,A,0.24,3.75,0.95288,0.08125,8,8,0.0,7.09450
6vrd,1.299,protRNA,CCTXACTCACCCACTXGXXX,C,0.23,2.35,0.95215,0.07060,20,20,0.0,6.50510
6vrd,1.299,protRNA,UGGCGAGUGGGUGAGUGAGG,B,0.23,2.35,0.93990,0.06680,20,20,0.0,6.57270
6v9b,2.4,naked,AUCGAGGGAGUGGUGAGGAUGAGGCGAU,D,0.24,4.32,0.88441,0.18248,27,28,0.03571,9.46343
6wyb,2.5,protRNA,UAUAGGCAUACGACCA,B,0.28,24.24,0.84318,0.19345,11,16,0.31250,12.80418
6xh2,1.71,protRNA,GCAGAUCUGAGCCUGGGAGCUCUCUGC,D,0.21,0.82,0.94922,0.11063,27,27,0.0,6.82226
6xjq,1.708,protRNA,GGCCGCUCCAGAAGAGGGCCCCCUUGCCCGUUAUCGGGGGCUAGGCUCGAUGUCGGCC,A,0.21,1.99,0.92245,0.10472,58,58,0.0,7.04771
6xjw,1.918,protRNA,GGCCGCUCCAGAAGAGGGCCCCCUUGCCCGUUAUCGGGGGCUAGGCUCGAUGUCGGCC,A,0.23,2.58,0.92434,0.12316,58,58,0.0,7.77948
6xlv,1.4,protRNA,UUUUUUCC,B,0.17,3.56,0.95825,0.08587,8,8,0.0,5.65900
6xlw,1.5,protRNA,UUUUUUCC,B,0.15,2.64,0.97050,0.08138,8,8,0.0,5.21900
6xrq,1.21,naked,GGCUCGGCGGCGGA,A,0.22,0.00,0.93986,0.08843,14,14,0.0,6.35857
6x5m,2.5,protRNA,GGCAAAAAAAAA,a,0.28,100.0,0.90142,0.16342,12,12,0.0,14.63600
6yl5,1.7,naked,GGUCACAACGGCUUCCUGGCGUGACCAUUGGAGCA,I,0.20,3.65,0.97562,0.10069,26,35,0.25714,7.51168
6ymc,2.0,naked,UCUCUGGUUAGGAAACUAACUAGGGA,A,0.24,5.95,0.93035,0.15212,26,26,0.0,8.39165
6ymj,2.04,naked,AUUGGAGCA,N,0.23,2.70,0.97956,0.11144,9,9,0.0,7.37011
6ymj,2.04,naked,GGUCACAACGGCUUCCUGGCGUGACC,A,0.23,2.70,0.97677,0.11196,26,26,0.0,7.39654
6ymk,2.03,naked,AUUGGAGCA,G,0.26,2.69,0.96678,0.08300,9,9,0.0,7.77428
6ymk,2.03,naked,GGUCACAACGGCUUCCUGGCGUGACC,A,0.26,2.69,0.95431,0.09188,26,26,0.0,7.94512
6zlc,2.3,protRNA,AGACAGCAUUAUGCUGUCU,D,0.22,1.13,0.96474,0.14426,19,19,0.0,7.75271
7a9n,1.602,naked,CCGCCUGG,L,0.22,6.75,0.97287,0.06425,8,8,0.0,6.62850
7a9n,1.602,naked,CUGGGCGG,M,0.22,6.75,0.96500,0.07013,8,8,0.0,6.73850
7a9o,1.601,naked,CCGCCUGG,L,0.23,7.71,0.96750,0.07150,8,8,0.0,6.95750
7a9o,1.601,naked,CUGGGCGG,M,0.23,7.71,0.96575,0.07050,8,8,0.0,6.96350
7a9x,2.45,protRNA,AAAAUAACAUUCUUAA,B,0.23,2.41,0.96115,0.17377,13,16,0.18750,9.16142
7bah,1.89,protRNA,GACGCUAGCGUC,D,0.22,8.98,0.89117,0.11517,12,12,0.0,8.09100
7bpv,1.781,naked,GUGGGCCGAC,S,0.24,1.54,0.94390,0.09380,10,10,0.0,7.37620
7c45,1.769,protRNA,UUUUUUUUUUUU,D,0.22,4.16,0.94510,0.10660,10,12,0.16667,7.89668
7d3j,2.45,protRNA,AUUUUUGUGCCCAUCGUUGGCACUAUUAAGGAAUGGAAUAUAG,B,0.26,15.80,0.94528,0.17372,43,43,0.0,9.74753
7d8o,2.097,protRNA,AUUUAGGUGAUUUGCUACCUUUAAGUGCAGCUAGAAA,H,0.23,2.60,0.92180,0.16927,41,37,0.0,8.34971
7d81,2.1,naked,GGUUUCAACAUCCCCGUUCGGCGCUCGAAAGAGGUGGCCGGACUGAAGCC,A,0.25,10.10,0.88676,0.16194,50,50,0.0,9.30644
7d82,2.489,naked,GGUUUCAACAUCCCCGUUCGGCGCUCGAAAGAGGUGGCCGGACUGAAGCC,A,0.27,7.67,0.89698,0.20220,50,50,0.0,10.17526
7eag,2.5,naked,GUCUAUGAAGGCUGGAGAC,D,0.27,1.63,0.92821,0.17342,19,19,0.0,9.40318
7ecm,1.51,naked,GGGCCCGGACCC,D,0.20,1.92,0.96300,0.08008,12,12,0.0,6.14267
7ecn,1.6,naked,GGGCCCGGACCC,B,0.20,1.29,0.97142,0.06200,12,12,0.0,5.98917
7edt,1.2,naked,GGACUCCGGUCC,B,0.18,0.00,0.95717,0.08775,12,12,0.0,5.48467
7eiu,2.349,protRNA,UUCUGC,C,0.22,1.39,0.98117,0.10767,6,6,0.0,7.39150
7el1,2.22,protRNA,GGAAAUUAGGUGCGCUUGGCGUUUUAGUACUCUGGAAACAGAAUCUACUAAAACAAGGCAAAAUGCCGUGUUU,B,0.24,5.75,0.94656,0.18485,73,73,0.0,8.73380
7eog,1.5,naked,GCGCACUGGCGCUGCGCCUUCGGGCGCCAAUCGUAGCGUGUCGGCGCC,A,0.22,4.28,0.90802,0.10398,48,48,0.0,7.24167
7eoh,1.637,naked,GGCGCACUGGCGCUGCGCCUUCGGGCGCCAAUCGUAGCGUGUCGGCGCC,A,0.23,0.62,0.91059,0.12027,49,49,0.0,7.48839
7eqj,2.043,naked,GGGUGAUUAGCUCAGCUGGGAGAGCACCUCCCUUACAAGGAGGGGGUCGGCGGUUCGAUCCCGUCAUCACCCACCA,B,0.24,0.62,0.90560,0.16968,75,76,0.01316,8.55628
7eu9,2.35,protRNA,AUUUUUGUGCCCAUCGUUGGCACUAUUAAGGAAUGGAAUAUAG,B,0.27,6.68,0.94881,0.16116,43,43,0.0,9.24279
7f3k,1.76,protRNA,UCAUCU,B,0.18,3.77,0.96450,0.06833,6,6,0.0,6.01917
7jrr,2.16,naked,GGACGGGAGCUGAACCAUCCAGCGAAGAACGUCCCGACGGAUGGUUCGUCG,A,0.26,4.79,0.91463,0.17880,51,51,0.0,9.19291
7kfn,2.5,protRNA,CAGAGCCCCCXAGCAUCGCGAGC,C,0.23,2.11,0.96652,0.11335,23,23,0.0,7.92011
7kfn,2.5,protRNA,GCUCGCGAUGCUXGAGGGCUCUG,B,0.23,2.11,0.97739,0.10643,23,23,0.0,7.77785
7kga,2.1,naked,GGGGGCCAGAUGUCAUGUCUCUCAAGCCUAGGAGACACUAGACACUCUGGACUAUCGGUUAGAGGAAACCCCCCCAAAAAUGUAUAGGCU,B,0.26,3.92,0.90430,0.17460,90,90,0.0,9.13840
7kkv,2.0,protRNA,GGCCAGUCUGGCGUUUGGUGACAGCGCCAAGUUCUUCGGAAUUGGGAAAUCCUACUGGCC,B,0.19,0.00,0.94867,0.13270,60,60,0.0,6.89227
7kqn,2.02,protRNA,CAAAGAAAUCCAGGUGCA,E,0.19,17.40,0.96650,0.09756,18,18,0.0,7.35844
7kun,1.58,naked,NNNGACUUAAGUCX,A,0.23,3.75,0.94350,0.08364,14,14,0.0,7.02864
7k16,2.1,naked,GGCAAGGUACGGCGAAAGCCGUAGGGGCUUGAGAACCCCCCCUCCCCACUC,P,0.25,1.82,0.94949,0.12473,51,51,0.0,8.09288
7k5l,1.38,protRNA,UACAUUCCCAGCCUUUGUAGUGUUUUCGCCAAGCA,R,0.20,0.00,0.85167,0.30200,3,35,0.91429,12.23983
7k9d,2.098,protRNA,GGCCAGUCUGGCGUUUGGUGACAGCGCCAAGUUCUUCGGAAUUGGGAAAUCCUACUGGCC,B,0.20,2.25,0.95983,0.13107,60,60,0.0,7.18237
7k98,2.19,protRNA,GGCCAGGUAGCUCAGUCGGUAUGAGCGUCCGCCUGAAAAGCGGAAGGUCGGCGGUUCGAUCCCGCCCCUGGCCACCA,C,0.22,2.68,0.95345,0.13499,77,77,0.0,7.73626
7lne,1.53,naked,CCCGACUUAAGUCG,B,0.23,2.79,0.96978,0.06667,9,14,0.35714,8.01317
7lnf,1.652,naked,CCCGACUUAAGUCG,B,0.24,1.87,0.93422,0.08978,9,14,0.35714,8.73650
7lyj,2.11,naked,CGGUGUAAGUGCAGCCCGUCUUACACCGUGCGGCACAGCGGAAACGCUGAUGUCGUAUACAGGGCU,A,0.25,1.39,0.91606,0.14356,66,66,0.0,8.49950
7l0z,2.1,naked,GGGAGUACGGUGAGGGUCGGGUCCAGUAGGUACGCCUACUGUUGAGUAGAGUGUGGGCUCCGUACUCCC,G,0.23,6.73,0.89678,0.16164,69,69,0.0,8.69534
7mdl,2.32,protRNA,GCCCGGAUGAUCCUCAGUGGUCUGGGGUGCAGGCUUCAAACCUGUAGCUGUCUAGCGACAGAGUGGUUCAAUUCCACCUUUCGGGCGCCA,E,0.20,3.74,0.86819,0.23056,168,90,0.06667,9.27263
7mjv,2.24,protRNA,AAGGACUGAAXAUCCUU,E,0.27,6.81,0.67787,0.36740,15,17,0.11765,13.42737
7mjw,1.4,protRNA,GGACUGAAXAUCC,G,0.17,1.83,0.96862,0.06677,13,13,0.0,5.33673
7mjx,1.5,protRNA,GGACUGAAXAUCC,M,0.17,1.75,0.97392,0.07554,13,13,0.0,5.46042
7mky,1.31,naked,CGGUGUAAGUGCAGCCCGUCUUACACCGUGCGGCACAGCGGAAACGCUGAUGUCGUAUACAGGGCU,A,0.19,1.72,0.95140,0.09104,73,66,0.0,5.93315
7mlx,2.09,protRNA,GGCGGUGUAAGUGCAGCCCGUCUUACACCGUGCGGCACAGAAACACUGAUGUCGUAUACAGGGCG,R,0.23,2.12,0.91555,0.12229,65,65,0.0,7.98991
7njc,1.38,protRNA,GAACAUU,B,0.17,1.60,0.96850,0.11850,2,7,0.71429,8.57716
7oax,2.24,naked,GGCUAGCUGGAGGGGCGCCAGUUCGCUGGUGGUUGGGUGCGGUCGGCUAGCC,A,0.24,1.55,0.95124,0.12433,51,52,0.01923,8.09920
7om7,2.4,protRNA,CAAAAUUU,I,0.22,5.74,0.94812,0.15700,8,8,0.0,8.31800
7os0,2.2,protRNA,GCCUCACAUCACCGCCAAGACGACGGCGGACUGAACCUUCAUUACCUCUGUUUG,F,0.26,2.68,0.83292,0.22454,48,54,0.11111,10.59144
7ozq,1.91,protRNA,GUACUAGAUUGGUCGAAAGGCUAAUUGAUGACC,H,0.22,2.11,0.95606,0.09475,32,33,0.03030,7.20620
7pli,2.5,protRNA,XGGACAUAUGGCUGUUCGCCAUUU,C,0.25,4.29,0.94326,0.16704,23,24,0.04167,9.17144
7po6,1.77,protRNA,GGCGCAUCGGCGCC,F,0.23,3.15,0.94350,0.11325,4,14,0.71429,10.28266
7p0v,1.56,protRNA,GGGGACUGCGUUCGCGCUUUCCCC,B,0.26,2.25,0.81421,0.22517,24,24,0.0,9.64017
7qqs,2.4,protRNA,GGGGAAUCCCUUCUGCAGCACCGUUUUAGAGCUAGAAAUAGCAAGUUAAAAUAAGGCUAGUCCGUUAUCAACUUGAAAAAGUGA,A,0.23,5.23,0.92035,0.16905,84,84,0.0,8.79112
7qqx,2.4,protRNA,GGGGAAUCCCUUCUGCAGCACCGUUUUAGAGCUAGAAAUAGCAAGUUAAAAUAAGGCUAGUCCGUUAUCAACUUGAAAAAGUGA,A,0.22,3.51,0.92069,0.16667,84,84,0.0,8.50331
7qr0,2.3,protRNA,GGAGAGUCUCUCAGCUGGUACAGUUUUAGAGCUAGAAAUAGCAAGUUAAAAUAAGGCUAGUCCGUUAUCAACUUGAAAAAGUGA,A,0.22,3.73,0.92756,0.14727,82,84,0.02381,8.29940
7qr3,2.18,protRNA,GGGGGCCACAGCAGAAGCGUUCACGUCGCGGCCCCUGUCAGCCAUUGCACUCCGGCUGCGAAUUCUGCU,C,0.28,2.28,0.87000,0.17297,69,69,0.0,9.75777
7qtn,1.2,naked,GGUAXUGCGGUACC,A,0.21,0.00,0.96879,0.06250,14,14,0.0,5.72971
7qua,1.0,naked,CGCGXAUUAGCG,A,0.16,2.38,0.98208,0.06223,13,12,0.0,4.64023
7r97,1.804,protRNA,AAAGGUCAUUCGCAAGAGUGGCCUUUAU,C,0.20,6.15,0.94818,0.09875,28,28,0.0,6.91207
7thb,1.64,naked,AGCUUAC,E,0.28,0.00,0.92200,0.10743,7,7,0.0,8.16343
7tzs,2.21,naked,GGACUCGGGGUGCCCUUCUGCGUGAAGGCUGAGAAAUACCCGUAUCACCUGAUCUGGAUAAUGCCAGCGUAGGGAAGUUC,X,0.24,4.07,0.93734,0.15847,80,80,0.0,8.50260
7u8b,1.73,naked,UNNGACUUAAGUCGG,A,0.25,0.98,0.95720,0.08027,15,15,0.0,7.26353
7vft,1.45,naked,GGGCCAGCAGCAGCAGCAGGUCC,A,0.21,0.00,0.95470,0.09026,23,23,0.0,6.31452
7vki,1.65,protRNA,UGGUGGUGGUGG,B,0.22,2.67,0.92267,0.08833,3,12,0.75000,10.06883
7vkl,1.95,protRNA,ACGGACUC,B,0.26,2.48,0.82725,0.22150,8,8,0.0,9.90800
7vnv,1.9,naked,GGGCCNGUCGUCUAXCCUGGUUAGGACGCCGCCCUUACAAGGCGGAGGXCCUGGGUUCGAGUCCCAGCGGGCCCACCA,A,0.22,4.37,0.90456,0.14390,78,78,0.0,7.99317
7vti,1.89,protRNA,UGUAUGCUGGAGCAGCCCCCGAUUUGUGGGGUGAUUACAGC,B,0.24,2.84,0.94147,0.12121,43,41,0.02439,7.88751
7v9e,2.3,naked,CGGGCUGACCGACCCCCCGAGUUCGCUCGGGGACAACUAGACAUACAGUAUGAAAAUACUGAGCCCGC,A,0.27,1.82,0.92160,0.18619,68,68,0.0,9.36771
7wkp,2.0,protRNA,CUUAAAGAGUCAACCCUUUGCUUAUCUUCCUAUUUAAAUGUUAGCAGCCGCAUAGGCUGC,B,0.24,1.21,0.94448,0.10981,21,60,0.65000,10.30317
7wl0,2.5,protRNA,UGGACUGC,B,0.24,3.02,0.91862,0.16537,8,8,0.0,8.94500
7xpl,2.213,protRNA,CCAUGAGUGUU,I,0.24,5.06,0.96600,0.12200,11,11,0.0,8.03100
7xpl,2.213,protRNA,GGGAGUCUGAACACUCAUGGUCUUCGCCC,G,0.24,5.06,0.93208,0.14456,25,29,0.13793,9.03456
7xpl,2.213,protRNA,GGGCGAUGGAACACUCAUGGUAGACUCCC,H,0.24,5.06,0.93168,0.14456,25,29,0.13793,9.03776
7xwz,2.25,protRNA,CACUGAC,C,0.27,2.21,0.92286,0.17314,7,7,0.0,9.22279
7xwz,2.25,protRNA,GUCAGUG,D,0.27,2.21,0.90500,0.18929,7,7,0.0,9.49479
7yex,2.0,protRNA,CACACACA,B,0.2343,2.61,0.93225,0.15900,4,8,0.50000,10.16190
7yey,1.85,protRNA,CACGGCAC,B,0.2382,2.11,0.92262,0.12825,8,8,0.0,7.88810
7y2b,1.88,naked,UUCUGCUGCUGAA,S,0.2224,0.00,0.93792,0.09477,13,13,0.0,7.13797
7y2p,1.58,naked,UUCUGCAGCUGAA,B,0.2549,0.00,0.92862,0.09962,13,13,0.0,7.53620
7y7q,2.05,protRNA,GAACUACCGUCGGA,C,0.23,3.27,0.94960,0.12990,10,14,0.28571,8.93874
7y7r,2.1,protRNA,UCCGACG,D,0.25,6.62,0.92271,0.14757,7,7,0.0,8.72986
7y8p,1.5,naked,GGAXXXGAGUCC,A,0.20,5.45,0.96933,0.08033,12,12,0.0,6.26050
7zhh,1.6,protRNA,AAAAAAAAAAAAAAA,C,0.21,5.93,0.87917,0.15167,6,15,0.60000,10.25650
8af0,2.43,protRNA,GCCCGCCUGUCACGCGGGC,C,0.27,6.59,0.95032,0.10679,19,19,0.0,8.87129
8amg,2.26,naked,AUGUGGCAU,C,0.24,5.94,0.94622,0.12856,9,9,0.0,8.33567
8ami,1.79,naked,AUGUGGCAU,A,0.24,3.26,0.93967,0.09678,9,9,0.0,7.52989
8bh9,2.09,protRNA,AAGAAUGCAUUC,B,0.2380,4.97,0.77225,0.24658,12,12,0.0,10.41717
8clm,1.8,naked,CUAGGAGAC,D,0.26,2.26,0.96800,0.10022,9,9,0.0,7.65078
8clm,1.8,naked,GUCUCCUAG,A,0.26,2.26,0.96956,0.10389,9,9,0.0,7.66767
8c8j,2.1,protRNA,UUAGGAAAGCGC,C,0.2380,2.95,0.91900,0.14925,12,12,0.0,8.37350
8dk7,2.46,protRNA,GGCGAUACCAGCGAAACACGCCCUUGGCAGCGUC,C,0.27,24.06,0.81753,0.20776,34,34,0.0,11.64488
8dp3,1.91,protRNA,GGUAAAACAGCCUGUGGGUGAAACACACCCACAGGGCCCAUUGGGCGCUAGCACUCUGGUAUCACCGUACCUUUGUGCGCCUGUUUUACC,R,0.26,2.23,0.93600,0.10720,90,90,0.0,8.07110
8d28,1.42,naked,GGCGAUACCAGCCGAAAGGCCCUUGGCAGCGCC,B,0.21,1.84,0.95415,0.08318,33,33,0.0,6.32424
8d29,1.81,protRNA,GGCGAUACCAGCGAAACACGCCCUUGGCAGCGUC,C,0.21,3.74,0.85826,0.17626,34,34,0.0,8.32100
8d5l,1.64,naked,GGCGAUACCAGCCGAAAGGCCCUUGGCAGCGCC,D,0.22,1.85,0.96803,0.07061,33,33,0.0,6.51311
8edj,1.83,protRNA,UUUUGAUUUU,R,0.19,1.91,0.95950,0.09817,6,10,0.40000,8.05483
8eyu,1.95,naked,GCGCCGGUUAGGCAGAGGUGGGUGGUGUGGAGGAGUAUCUGUCCGGCGC,A,0.2040,3.24,0.82996,0.18567,49,49,0.0,8.62971
8fza,2.3,naked,UUGGGUUCCCUCACCCCAAUCAUAAAAAGG,A,0.2522,3.31,0.89727,0.19443,30,30,0.0,9.38243
8gxb,2.15,protRNA,GGAGCGUUACGUCCGAAAGUCGCAUUGCACUCCGCGACACGGCUCUUUAAAAACAAAAGGA,B,0.27,4.73,0.95146,0.12438,61,61,0.0,8.62984
8gxc,2.5,protRNA,GGAGCGUUACGUCCGAAAGUCGCAUUGCACUCCGCGACACGGCUCUUUAAAAACAAAAGGA,B,0.27,9.07,0.94977,0.14805,61,61,0.0,9.39973
8g9z,2.07,protRNA,GCCCGGAUGAUCCUCAGUGGUCUGGGGUGCAGGCUUCAAACCUGUAGCUGUCUAGCGACAGAGUGGUUCAAUUCCACCUUUCGGGCGCCA,E,0.19,5.34,0.79739,0.22708,174,90,0.03333,9.32784
8hb1,2.23,naked,AGAGCGUUGCGUCCGAAAGUCGCC,A,0.25,3.30,0.90921,0.21062,24,24,0.0,9.30633
8hb1,2.23,naked,GCGACACGGCUCUUUAAAAACAAAAGGAGA,B,0.25,3.30,0.89733,0.20090,30,30,0.0,9.32353
8hb8,2.3,naked,GCGGCGUUGCGUCCGAAAGUCUAAACAGACACGGCCGCUUAAAAACAAAAGGAGA,A,0.25,2.18,0.81380,0.30860,55,55,0.0,10.86740
8hze,1.59,naked,GAAGAUUGUAAACAUGCCGAAAGGCAGACACUUCC,B,0.2337,2.48,0.95509,0.07989,35,35,0.0,6.91900
8hzk,2.0,naked,GGAAGAUUGUAAACAUGCCGAAAGGCAGACACUUCC,A,0.2399,10.31,0.92967,0.12047,36,36,0.0,8.36014
8h1b,1.55,protRNA,ACGGACUUUGACUCCGU,C,0.20,3.45,0.94065,0.11606,17,17,0.0,6.72579
8id2,1.8,protRNA,GGGGACUGCGUUCGCGCUUUCCCC,C,0.24,0.45,0.94792,0.10767,24,24,0.0,7.42050
8its,1.94,naked,GGGAGUUAGACUCGCGAAAGCGAGGAACUGCGAAAGCAGUACUUCC,A,0.2200,0.67,0.94978,0.09626,46,46,0.0,7.10533
8i3z,1.67,naked,AGAGCGUUGCGUCCGAAAGUCGCC,A,0.19,8.09,0.96158,0.09483,24,24,0.0,6.56050
8i3z,1.67,naked,GCGACACGGCUCUUUAAAAACAAAAGGAGAA,B,0.19,8.09,0.94206,0.11587,31,31,0.0,6.88495
8joz,2.22,protRNA,GGAAGUGUGGCCGAGCGGUUGAAGGCACCGGUCUNGAXAACCGGCGACCCGAAAGGGUUCCAGAGUUCGAAUCUCUGCGCUUCCGCCA,B,0.2252,4.00,0.92381,0.15027,88,88,0.0,8.28533
8keb,2.2,naked,GGAUUCGUAUAUCCUUAAUGAUAUGGUUUAAGGGCAAUACAUAGAGACCACAAAUUUCUUACUGCGAAUUCU,A,0.2419,4.70,0.91810,0.08717,71,72,0.01389,8.19732
8ked,2.11,naked,GGAUUCGUAUAUCCUUAAUGAUAUGGUUUAAGGGCAAUACAUAGAGACCACAAAUUUCUUACUGCGAAUUCU,A,0.2531,3.44,0.89720,0.09468,71,72,0.01389,8.47319
8k0y,2.28,naked,GACGCCGGUGGUGGCACUCCUGGUUUUCAGGACGGGGUUCAAUUCCCUGCGGUGUC,A,0.2854,3.70,0.87482,0.10864,50,56,0.10714,9.90132
8k1e,2.23,naked,GGCGCUGGUGGUGGCACGUCCAGCACGGCUGGGCCGGGGUUCGAGUCCCCGCAGUGUU,A,0.2659,4.44,0.92889,0.09475,57,58,0.01724,8.63404
8k2z,2.4,naked,GGUGCUGGUGGUUGGCACUCCUGGUUUCCAGGACGGGGUUCAAAUCCCUGCGGCGUC,A,0.2922,9.71,0.84467,0.12346,57,57,0.0,10.37542
8k30,2.43,naked,GACGCCGGUGGUGGCACUCCUGGUUUUCAGGACGGGGUUCAAUUCCCUGCGGUGUC,A,0.2838,7.50,0.82954,0.13052,52,56,0.07143,10.60697
8k7w,2.24,naked,GGGACGGUCGGGUCCAGAUAUUCGUAUCUGUCGAGUAGAGUGUGGGCUC,A,0.2776,0.62,0.92569,0.09376,49,49,0.0,8.61229
8qmh,1.1,naked,GGCCCC,C,0.1737,5.93,0.98867,0.05333,6,6,0.0,5.04043
8rbj,2.37,protRNA,AUCUGGA,B,0.2178,2.53,0.95871,0.06886,7,7,0.0,7.29804
8r0s,2.35,protRNA,GUCCAGCAGUGCGUAGC,C,0.2631,6.87,0.92924,0.15253,17,17,0.0,9.21565
8sj7,2.09,protRNA,CUGUGAAUG,B,0.2055,2.35,0.93856,0.11589,9,9,0.0,7.32517
8ssw,2.4,protRNA,CAAGGUCAUUCGCAAGAGUGGCCUUGCG,C,0.2480,4.39,0.95326,0.11030,23,28,0.17857,9.05413
8swb,2.0,protRNA,UGGCGAGUGGGUGAGUGAGG,B,0.2238,2.69,0.95205,0.10045,20,20,0.0,7.35010
8sx6,1.45,naked,UNNGACUUAAGUCG,B,0.2418,0.98,0.95364,0.08436,14,14,0.0,6.89711
8tqx,2.09,naked,UGAUCUGGGCCCAGUAUCA,D,0.2784,0.00,0.94558,0.11758,19,19,0.0,8.47720
8tsv,1.51,naked,CAGACUGCGAGGGCCCUCGAGUUUG,A,0.1750,1.55,0.97388,0.06896,25,25,0.0,5.49814
8utg,1.97,naked,UAUGGAAGAGGCGGUUGGUAU,B,0.2426,2.93,0.92052,0.14481,21,21,0.0,8.27759
8u5j,1.7,naked,GUACGAAGGAAGGUUUGGUAUGUGGUAGAUUCGUAC,A,0.2359,6.26,0.86239,0.14063,38,36,0.0,8.48509
8u5t,2.2,naked,GCGUACGAAGGUGAGGAGAGGCGAGGAAGAGUACGC,B,0.2331,2.45,0.91261,0.15950,36,36,0.0,8.49341
8u5z,2.5,naked,GCGUACGAAGGUGAGGAGAGGCGAGGAAGAGUACGC,A,0.2220,1.37,0.95678,0.16692,36,36,0.0,8.24561
8vaw,1.25,naked,NNNGACUUAAGUCGG,A,0.1908,4.74,0.96140,0.06880,15,15,0.0,5.78060
8vax,1.417,naked,NNNGACUUAAGUCGG,AAA,0.2180,0.94,0.96680,0.07467,15,15,0.0,6.25393
8viv,2.2,protRNA,CAUGUUGCCAU,B,0.2320,2.52,0.85045,0.10727,11,11,0.0,8.55655
8vm8,1.54,protRNA,GGUAAAACAGCCUGUGGGUUGAUCCCACCCACAGGGCCCAUUGGGCGCUAGCACUCUGGUAUGAAACACGUACCUUUGUGCGCCUGUUUUACC,R,0.2127,1.68,0.76815,0.23019,93,93,0.0,9.14894
8vm9,2.2,protRNA,GGAAACAGCGGAUGGGUAUCCCACCAUUCGACCCAUUGGGUGUAGUACUCUGGUACGAAACACGUACCUUUGUACGCCUGUUUCC,R,0.2294,5.61,0.81902,0.16418,85,85,0.0,9.37092
8vqv,2.43,naked,GGGUCGUGACUGGCGAACAGGUGGGAAACCACCGGGGAGCGACCCUUGCCGCCCGCCUGGGCAA,A,0.2556,3.35,0.92402,0.08875,64,64,0.0,8.51617
8vuo,2.39,protRNA,AUUAAAGGUU,F,0.2186,3.35,0.94375,0.08475,4,10,0.60000,10.02030
8v1i,2.3,naked,GAUGCUGGUGGUUGGCACUCCUGGUUUCCAGGACGGGGUUCAAAUCCCUGCGGCGUC,B,0.2294,1.63,0.91339,0.18388,56,57,0.01754,8.74472
8xzl,2.13,naked,GGGUGUGUACCGUUCAACUCGUCCCAGCUUCGACUGGGACUACGGGAGCGCCU,A,0.2104,1.11,0.95868,0.11453,53,53,0.0,7.21949
8xzp,2.18,naked,GGGUGUGUACCGUUCAACUCGUCCCAGCUUCGACUGGGACUACGGGAGCGCCU,A,0.2176,3.40,0.95119,0.13364,53,53,0.0,7.72642
8x5v,2.0,protRNA,GGAAAUUAGGUGCGCUUGGCGCUAUAGUUCCUUGAAAAAGUUGCUAUAGUAAGGGCAACAGACCCGAGGCGUUGGGGAUCGCCUAGCCCGUUUUUACGGGCUCUCCCCAU,B,0.2311,0.84,0.93498,0.12266,106,110,0.03636,7.84867
8yno,1.3,naked,GGACUCGAGXCC,A,0.1727,1.29,0.96642,0.05458,12,12,0.0,5.17843
8ynp,1.4,naked,GGACUCGAGXCC,A,0.1725,0.00,0.96842,0.05383,12,12,0.0,5.18833
8y0b,2.3,protRNA,GGAAUUUCUACUGUUGUAGAUGAGAAGUCAUUUAAUAAGGCCGUCUAAGAACUUUAUC,B,0.2475,11.45,0.90660,0.08583,53,58,0.08621,9.10615
8zau,2.43,naked,GCGGGCUGACCGACCCCCCGAGUUCGCUUGGGGACAACUAGACAUACAGUAUGAAAAUGCUGAGCCCGC,A,0.2835,5.36,0.90061,0.11714,69,69,0.0,9.53329
8za0,1.96,naked,CCUGCGCUCAACCAGA,B,0.2298,17.04,0.95294,0.08063,16,16,0.0,7.96990
8za0,1.96,naked,UCUGGGCCAGGCAGG,A,0.2298,17.04,0.94787,0.08127,15,15,0.0,8.01560
9aur,1.57,protRNA,GGUUGAAACACGACCUGAGAAA,R,0.2120,2.87,0.91268,0.09150,22,22,0.0,6.96005
9aus,2.07,protRNA,GGUUGAAACACGACCUGAGAAA,R,0.2538,3.77,0.89095,0.10982,22,22,0.0,8.57781
9avr,1.91,protRNA,AGAGAGAGAG,B,0.1967,5.95,0.96063,0.06288,8,10,0.20000,7.36610
9bun,2.1,naked,GGACUCGGAAACGUGAAGGAGAGGCGCAAGGUUAACCGCCUCAGUCCA,A,0.2406,10.82,0.89558,0.16325,48,48,0.0,9.11313
9cm4,1.82,protRNA,GGCGAUAGUAUCUCAACGCC,G,0.1984,2.08,0.94705,0.07320,20,20,0.0,6.50440
9c2k,2.42,protRNA,GGCACUAUGGGCGCAGCGUCAAUGACGCUGACGGUACAGGCCAGACAAGAAACACUUGUCUGAUAUAGUGCC,R,0.2653,8.32,0.82447,0.11049,72,72,0.0,9.89951
9de6,2.35,naked,GGUCUCUCUGGUUAGACCAGAUCUGAGCCGAAAAGCUCUCUGGCUAACUAGGGAACC,A,0.2825,3.07,0.88272,0.09681,57,57,0.0,9.30120
9de7,2.25,naked,GGUCUCUCUGGUUAAGCCAGAUCUGAGCCGAAAAGCUCUCUGGCUAACUAGGGAACCA,A,0.2218,1.64,0.90676,0.09847,58,58,0.0,7.85806
9dn4,1.9,protRNA,CUCGUCUGAAACACGGAGAG,F,0.2232,1.47,0.85490,0.11675,20,20,0.0,8.08590
9dsx,2.05,protRNA,GGCCAGGUAGCUCAGUCGGUAUGAGCGUCCGCCUGAAAAGCGGAAGGUCGGCGGUUCGAUCCCGCCCCUGGCCACCA,C,0.2326,2.67,0.86384,0.09889,73,77,0.05195,8.45854
9d0h,2.5,protRNA,CGCGGGGUGGAGCAGCCUGGUAGCUCGUCGGGCUCAUAACCCGAAGGUCGUCGGUUCAAAUCCGGCCCCCGCAACCX,1x,0.2664,11.89,0.92576,0.10088,76,77,0.01299,9.34261
9d0h,2.5,protRNA,GGCAAGGAGGUAAAAAUGUUCUAA,1v,0.2664,11.89,0.89392,0.13215,13,24,0.45833,11.62887
9d0i,2.45,protRNA,CGCGGGGUGGAGCAGCCUGGUAGCUCGUCGGGCUCAUAACCCGAAGGUCGUCGGUUCAAAUCCGGCCCCCGCAACCX,1x,0.2651,11.14,0.92718,0.10311,76,77,0.01299,9.23813
9d0i,2.45,protRNA,GGCAAGGAGGUAAAAAUGUUCUAA,1v,0.2651,11.14,0.89985,0.12362,13,24,0.45833,11.40227
9d9o,2.41,protRNA,GGCUAGCACUCUGGUAUCACGGUACCUUUGUGCGCC,R,0.2378,5.55,0.85392,0.09514,36,36,0.0,8.89768
9en6,0.918,naked,GGCCCC,CCC,0.1294,8.38,0.98383,0.06683,6,6,0.0,4.33220
9e5o,1.36,naked,GGUAAAAGCAUAGUGGGAAAGUGACGUGAAAUUCGUCCACACGAAAGUAAGGUCAUAGUCCGAAUGCCACCUACCA,B,0.1984,5.92,0.96704,0.06608,76,76,0.0,6.01952
9e5q,1.36,naked,GGUAAAAGCAUAGUGGGAAAGUGACGUGAAAUUCGUCCACACGAAAGUAAGGUCAUAGUCCGAAUGCCACCUACCA,A,0.2121,9.01,0.95697,0.07409,76,76,0.0,6.56525
9f37,1.905,protRNA,AGUAGUAACAAGAGGG,V,0.2315,4.27,0.92356,0.06669,16,16,0.0,7.43550
9f37,1.905,protRNA,UAUACCUCUGCUUCUGCUAUU,R,0.2315,4.27,0.89880,0.08460,15,21,0.28571,8.91974
9g4q,1.99,naked,CCUUGCAUCCACAUGAUUUGAGAUGGUCACACGUUUUGAGGGCGUGGUAAGG,A,0.2550,2.71,0.93127,0.10090,52,52,0.0,8.07258
9hrf,1.6,naked,GGGCGCAUUUUGGUAGGUCGGUCGCUGCUUCGGCAGUGAGGGGUAGGCAUUGCUGGCCUAGGGUGCCCUU,A,0.2173,2.58,0.92183,0.07331,71,70,0.0,6.85223
9hrg,2.05,naked,GGGCGCAUUUUGGUAGGUCGGUCGCUGCUUCGGCAGUGAGGGGUAGGCAUUGCUGGCCUAAGGUGCCC,D,0.2325,3.96,0.92113,0.09199,69,68,0.0,7.79984
9h1k,1.89499696041,protRNA,GUCGCAUCCUGGGGCUGAAGAAGGUCCCAAGGGUUGGGCUGUUCGCCCAUUAAAGCGGC,C,0.2326,2.50,0.69425,0.11411,36,59,0.38983,11.12001
9h45,2.08,protRNA,AAAAAAAAAAAAAAAAAA,Q,0.3233,8.06,0.86622,0.13167,18,18,0.0,10.42596
9iwf,2.06,naked,GGUGUAUAAGCUCAUUAAUACGGUUUGAGCGUUUCGACCAGGCAACCCUAAAUUGCCCCAGGCUACAUC,B,0.2540,2.65,0.92091,0.08242,69,69,0.0,8.05656
9iwg,2.48,naked,GGUGUAUAAGCUCAUUAAUAUGGUGUGAGCGUUUCGACCAGGCAACCAUAAAUUGCCCCAGGCUACAUC,A,0.2681,3.29,0.88623,0.10342,69,69,0.0,9.20781
9i9w,1.501,naked,GGCACUGGAAGUGC,AAA,0.1661,1.70,0.98471,0.04465,17,14,0.0,5.05433
9jkd,2.34,protRNA,GGAUAUAAU,C,0.2167,4.08,0.95644,0.06811,9,9,0.0,7.33793
9jkd,2.34,protRNA,GGGAGAUGAAAAUCUCCAUAGAUUAUAUCC,B,0.2167,4.08,0.91469,0.07669,13,30,0.56667,10.00728
9j4o,2.5,naked,GCCGGGGUGGUGGAAUUGGCAGACACACAGGACUUAAAAUCCUGCGGUAGGUGACUACCGUGCCGGUUCAAGUCCGGCCCUCGGCACCA,A,0.2633,3.16,0.90918,0.08828,87,89,0.02247,8.92002
9j6p,2.49,naked,UGCGGGGUCCCGGGAGGACCGC,A,0.2680,2.04,0.92114,0.08509,22,22,0.0,8.72764
9j89,1.58,protRNA,UGCGUG,B,0.2453,6.18,0.98983,0.03450,6,6,0.0,6.66173
9k8z,1.4,naked,GAAGAAGAG,A,0.1957,6.41,0.94844,0.07611,9,9,0.0,6.26443
9lke,2.26,naked,GGUUGUAUAAGCUCGUUAAUUUGGAAUGAGCGUAUCUACAGGCAACCGUAAAUUGCCCCAGGCUACAAUC,A,0.2497,3.48,0.90834,0.08923,70,70,0.0,8.37569
9lkw,2.28,naked,GGCGUAUAUCCUUAAUGAUAUGGUUUAAGGGCAAUACAUAGAAACCACAAAUUUCUUACUGCGUC,X,0.2258,2.86,0.91322,0.09020,65,65,0.0,7.90328
9l6x,1.89,protRNA,GGUGGCAGAGAAAGGCGAAAGCCUUGUGAGGCCAUC,D,0.2389,7.54,0.92678,0.08697,36,36,0.0,7.84876
9mdy,1.36,naked,AGAGAAGAUCUUCUCU,A,0.2175,0.00,0.96194,0.06100,16,16,0.0,6.06750
9mtp,2.4,protRNA,GGCGCGUUAACAAAGCGGUUAUGUAGCGGAUUGCAAAUCCGUCUAGUCCGGUUCGACUCCGGAACGCGCCUCCA,1x,0.2632,8.49,0.91797,0.10524,74,74,0.0,9.06026
9mtp,2.4,protRNA,GUCAAGAUGGUAAGGGCCCACGGUGGAUGCCUCGGCACCCGAGCCGAUGAAGGACGUGGCUACCUGCGAUAAGCCAGGGGGAGCCGGUAGCGGGCGUGGAUCCCUGGAUGUCCGAAUGGGGGAACCCGGCCGGCGGGAACGCCGGUCACCGCGCUUUUGCGCGGGGGGAACCUGGGGAACUGAAACAUCUCAGUACCCAGAGGAGAGGAAAGAGAAAUCGACUCCCUGAGUAGCGGCGAGCGAAAGGGGACCAGCCUAAACCGUCCGGCUUGUCCGGGCGGGGUCGUGGGGCCCUCGGACACCGAAUCCCCAGCCUAGCCGAAGCUGUUGGGAAGCAGCGCCAGAGAGGGUGAAAGCCCCGUAGGCGAAAGGUGGGGGGAUAGGUGAGGGUACCCGAGUACCCCGUGGUUCGUGGAGCCAUGGGGGAAUCUGGGCGGACCACCGCCUAAGGCUAAGUACUCCGGGUGACCGAUAGCGCACCAGUACCGUGAGGGAAAGGUGAAAAGAACCCCGGGAGGGGAGUGAAAUAGAGCCUGAAACCGUGGGCUUACAAGCAGUCACGGCCCCGCAAGGGGUUGUGGCGUGCCUAUUGAAGCAUGAGCCGGCGACUCACGGUCGUGGGCGAGCUUAAGCCGUUGAGGCGGAGGCGUAGGGAAACCGAGUCCGAACAGGGCGCAAGCGGGCCGCACGCGGCCCGCAAAGUCCGCGGCCGUGGACCCGAAACCGGGCGAGCUAGCCCUGGCCAGGGUGAAGCUGGGGUGAGACCCAGUGGAGGCCCGAACCGGUGGGGGAUGCAAACCCCUCGGAUGAGCUGGGGCUAGGAGUGAAAAGCUAACCGAGCCCGGAGAUAGCUGGUUCUCCCCGAAAUGACUUUAGGGUCAGCCUCAGGCGCUGACUGGGGCCUGUAGAGCACUGAUAGGGCUAGGGGGCCCACCAGCCUACCAAACCCUGUCAAACUCCGAAGGGUCCCAGGUGGAGCCUGGGAGUGAGGGCGCGAGCGAUAACGUCCGCGUCCGAGCGCGGGAACAACCGAGACCGCCAGCUAAGGCCCCCAAGUCUGGGCUAAGUGGUAAAGGAUGUGGCGCCGCGAAGACAGCCAGGAGGUUGGCUUAGAAGCAGCCAUCCUUUAAAGAGUGCGUAAUAGCUCACUGGUCGAGUGGCGCCGCGCCGAAAAUGAUCGGGGCUUAAGCCCAGCGCCGAAGCUGCGGGUCUGGGGGAUGACCCCAGGCGGUAGGGGAGCGUUCCCGAUGCCGAUGAAGGCCGACCCGCGAGGGCGGCUGGAGGUAAGGGAAGUGCGAAUGCCGGCAUGAGUAACGAUAAAGAGGGUGAGAAUCCCUCUCGCCGUAAGCCCAAGGGUUCCUACGCAAUGGUCGUCAGCGUAGGGUUAGGCGGGACCUAAGGUGAAGCCGAAAGGCGUAGCCGAAGGGCAGCCGGUUAAUAUUCCGGCCCUUCCCGCAGGUGCGAUGGGGGGACGCUCUAGGCUAGGGGGACCGGAGCCAUGGACGAGCCCGGCCAGAAGCGCAGGGUGGGAGGUAGGCAAAUCCGCCUCCCAACAAGCUCUGCGUGGUGGGGAAGCCCGUACGGGUGACAACCCCCCGAAGCCAGGGAGCCAAGAAAAGCCUCUAAGCACAACCUGCGGGAACCCGUACCGCAAACCGACACAGGUGGGCGGGUGCAAGAGCACUCAGGCGCGCGGGAGAACCCUCGCCAAGGAACUCUGCAAGUUGGCCCCGUAACUUCGGGAGAAGGGGUGCUCCCUGGGGUGAUGAGCCCCGGGGAGCCGCAGUGAACAGGCUCUGGCGACUGUUUACCAAAAACACAGCUCUCUGCGAACUCGUAAGAGGAGGUAUAGGGAGCGACGCUUGCCCGGUGCCGGAAGGUCAAGGGGAGGGGUGCAAGCCCCGAACCGAAGCCCCGGUGAACGGCGGCCGUAACUAUAACGGUCCUAAGGUAGCGAAAUUCCUUGUCGGGUAAGUUCCGACCUGCACGAAAAGCGUAACGACCGGAGCGCUGUCUCGGCGAGGGACCCGGUGAAAUUGAACUGGCCGUGAAGAUGCGGCCUACCCGUGGCAGGACGAAAAGACCCCGUGGAGCUUUACUGCAGCCUGGUGUUGGCUCUUGGUCGCGCCUGCGUAGGAUAGGUGGGAGCCUGUGAACCCCCGCCUCCGGGUGGGGGGGAGGCGCCGGUGAAAUACCACCCUGGCGCGGCUGGGGGCCUAACCCUCGGAUGGGGGGACAGCGCUUGGCGGGCAGUUUGACUGGGGCGGUCGCCUCCUAAAAGGUAACGGAGGCGCCCAAAGGUCCCCUCAGGCGGGACGGAAAUCCGCCGGAGAGCGCAAGGGUAGAAGGGGGCCUGACUGCGAGGCCUGCAAGCCGAGCAGGGGCGAAAGCCGGGCCUAGUGAACCGGUGGUCCCGUGUGGAAGGGCCAUCGAUCAACGGAUAAAAGUUACCCCGGGGAUAACAGGCUGAUCUCCCCCGAGCGUCCACAGCGGCGGGGAGGUUUGGCACCUCGAUGUCGGCUCGUCGCAUCCUGGGGCUGAAGAAGGUCCCAAGGGUUGGGCUGUUCGCCCAUUAAAGCGGCACGCGAGCUGGGUUCAGAACGUCGUGAGACAGUUCGGUCUCUAUCCGCCACGGGCGCAGGAGGCUUGAGGGGGGCUCUUCCUAGUACGAGAGGACCGGAAGGGACGCACCUCUGGUUUCCCAGCUGUCCCUCCAGGGGCAUAAGCUGGGUAGCCAUGUGCGGAAGGGAUAACCGCUGAAAGCAUCUAAGCGGGAAGCCCGCCCCAAGAUGAGGCCUCCCACGGCGUCAAGCCGGUAAGGACCCGGGAAGACCACCCGGUGGAUGGGCCGGGGGUGUAAGCGCCGCGAGGCGUUGAGCCGACCGGUCCCAAUCGUCCGAGGUCUUGACCCCUCC,1A,0.2632,8.49,0.93859,0.08654,2871,2915,0.01509,8.80606
9mtp,2.4,protRNA,UCCCCCGUGCCCAUAGCGGCGUGGAACCACCCGUUCCCAUUCCGAACACGGAAGUGAAACGCGCCAGCGCCGAUGGUACUGGGCGGGCGACCGCCUGGGAGAGUAGGUCGGUGCGGGGGAU,1B,0.2632,8.49,0.94424,0.09241,120,121,0.00826,8.78047
9muj,2.006,protRNA,GUCGCAUCCUGGGGCUGAAGAAGGUCCCAAGGGUUGGGCUGUUCGCCCAUUAAAGCGGC,C,0.2347,4.45,0.68589,0.11663,35,59,0.40678,11.53016
9ol2,1.528,naked,NNNGACUUAAGUCG,B,0.2345,0.00,0.98950,0.04500,14,14,0.0,6.19500
9pmm,2.15,protRNA,CUGUGAAUA,B,0.2160,0.48,0.94489,0.07833,9,9,0.0,7.12956
9pqw,2.3,protRNA,UGUCAAAUGA,B,0.2322,1.31,0.96280,0.06520,10,10,0.0,7.36430
9psc,2.4,protRNA,CUGUAUUAUAU,B,0.2445,2.04,0.93045,0.10309,11,11,0.0,8.28409
9qs9,1.441,protRNA,AAAAAA,G,0.2395,1.89,0.98050,0.04867,6,6,0.0,6.39083
9rvp,1.9,protRNA,CAAGGUGCGGUGCUAACUAAAUCCCUAGCACCCC,B,0.2295,0.67,0.90453,0.09303,30,34,0.11765,8.04310
9sdf,1.9,protRNA,GGGCAGGUGCCCGAGUGGCCAAAGGGGACGGUCUGUAAAACCGUUGGCGUAUGCCUUCGCUGGUUCGAAUCCAGCCCUGCCCACCA,T,0.2139,3.41,0.93311,0.08478,87,86,0.0,7.13403
9sfq,1.89,protRNA,GGGCAGGUGCCCGAGCGGCCAAAGGGGACGGUCUGUAAAACCGUUGGCGUAUGCCUUCGCUGGUUCGAAUCCAGCCCUGCCCACCA,T,0.2087,3.29,0.92869,0.08894,90,86,0.0,7.09314
9tel,1.436,protRNA,AGUAGUAACA,Y,0.1785,3.59,0.96633,0.05650,12,10,0.0,5.55383
9tel,1.436,protRNA,UGCUUCUGCU,X,0.1785,3.59,0.97442,0.05100,12,10,0.0,5.44517
9tkv,1.488,protRNA,GUAGUAACAAGAGGAAACUCUGCUUCUGCC,R,0.1914,2.96,0.90288,0.08539,33,30,0.0,6.54332
9tl1,1.704,protRNA,GUAGUAACAAGAGGAAACUCUGCUUCUGCU,R,0.2252,4.69,0.81400,0.11343,28,30,0.16667,9.05021
9t99,2.18,protRNA,GGUAGCGCUACC,X,0.2569,1.93,0.94658,0.07208,12,12,0.0,7.90470
9t99,2.18,protRNA,GGUAGUCUACC,S,0.2569,1.93,0.63645,0.12291,11,11,0.0,10.79234
9uw0,1.97,naked,GGCGUAUAUCCUUAAUGAUAUGGUUUAAGGGCAAUACAUAGAAACCACAAAUUUCUUACUGCGUC,X,0.2229,2.82,0.90709,0.09518,65,65,0.0,7.62794
9w2k,1.798,protRNA,ACCGACCAUAGCU,I,0.2310,6.58,0.96738,0.06669,13,13,0.0,7.08146
9w2k,1.798,protRNA,AGCGGUCA,F,0.2310,6.58,0.96950,0.06037,8,8,0.0,7.01400
